batch_data,timestamp,area_name,people
2025-09-03,2025-09-03 10:01:23 UTC,Ullevaal_Stadion,5482
2025-09-03,2025-09-03 10:05:06 UTC,Ullevaal_Stadion,5440
2025-09-03,2025-09-03 10:10:06 UTC,Ullevaal_Stadion,5444
2025-09-03,2025-09-03 10:15:06 UTC,Ullevaal_Stadion,5456
2025-09-03,2025-09-03 10:20:05 UTC,Ullevaal_Stadion,5513
2025-09-03,2025-09-03 10:25:07 UTC,Ullevaal_Stadion,5549
2025-09-03,2025-09-03 10:30:10 UTC,Ullevaal_Stadion,5487
2025-09-03,2025-09-03 10:35:06 UTC,Ullevaal_Stadion,5527
2025-09-03,2025-09-03 10:40:06 UTC,Ullevaal_Stadion,5571
2025-09-03,2025-09-03 10:45:06 UTC,Ullevaal_Stadion,5602
2025-09-03,2025-09-03 10:50:12 UTC,Ullevaal_Stadion,5660
2025-09-03,2025-09-03 10:55:06 UTC,Ullevaal_Stadion,5593
2025-09-03,2025-09-03 11:00:07 UTC,Ullevaal_Stadion,5536
2025-09-03,2025-09-03 11:05:08 UTC,Ullevaal_Stadion,5558
2025-09-03,2025-09-03 11:10:10 UTC,Ullevaal_Stadion,5582
2025-09-03,2025-09-03 11:15:07 UTC,Ullevaal_Stadion,5587
2025-09-03,2025-09-03 11:20:05 UTC,Ullevaal_Stadion,5473
2025-09-03,2025-09-03 11:25:05 UTC,Ullevaal_Stadion,5520
2025-09-03,2025-09-03 11:30:05 UTC,Ullevaal_Stadion,5529
2025-09-03,2025-09-03 11:35:07 UTC,Ullevaal_Stadion,5496
2025-09-03,2025-09-03 11:40:04 UTC,Ullevaal_Stadion,5427
2025-09-03,2025-09-03 11:45:10 UTC,Ullevaal_Stadion,5420
2025-09-03,2025-09-03 11:50:11 UTC,Ullevaal_Stadion,5411
2025-09-03,2025-09-03 11:55:07 UTC,Ullevaal_Stadion,5373
2025-09-03,2025-09-03 12:00:10 UTC,Ullevaal_Stadion,5316
2025-09-03,2025-09-03 12:05:18 UTC,Ullevaal_Stadion,5304
2025-09-03,2025-09-03 12:10:04 UTC,Ullevaal_Stadion,5160
2025-09-03,2025-09-03 12:15:09 UTC,Ullevaal_Stadion,5120
2025-09-03,2025-09-03 12:20:06 UTC,Ullevaal_Stadion,5064
2025-09-03,2025-09-03 12:25:05 UTC,Ullevaal_Stadion,5058
2025-09-03,2025-09-03 12:30:16 UTC,Ullevaal_Stadion,5058
2025-09-03,2025-09-03 12:35:06 UTC,Ullevaal_Stadion,5122
2025-09-03,2025-09-03 12:40:10 UTC,Ullevaal_Stadion,5184
2025-09-03,2025-09-03 12:45:05 UTC,Ullevaal_Stadion,5127
2025-09-03,2025-09-03 12:50:05 UTC,Ullevaal_Stadion,5076
2025-09-03,2025-09-03 12:55:07 UTC,Ullevaal_Stadion,5156
2025-09-03,2025-09-03 13:00:12 UTC,Ullevaal_Stadion,5071
2025-09-03,2025-09-03 13:05:07 UTC,Ullevaal_Stadion,4989
2025-09-03,2025-09-03 13:10:06 UTC,Ullevaal_Stadion,5018
2025-09-03,2025-09-03 13:15:10 UTC,Ullevaal_Stadion,4971
2025-09-03,2025-09-03 13:20:11 UTC,Ullevaal_Stadion,5051
2025-09-03,2025-09-03 13:25:05 UTC,Ullevaal_Stadion,4978
2025-09-03,2025-09-03 13:30:11 UTC,Ullevaal_Stadion,4807
2025-09-03,2025-09-03 13:35:06 UTC,Ullevaal_Stadion,4784
2025-09-03,2025-09-03 13:40:06 UTC,Ullevaal_Stadion,4793
2025-09-03,2025-09-03 13:45:05 UTC,Ullevaal_Stadion,4760
2025-09-03,2025-09-03 13:50:06 UTC,Ullevaal_Stadion,4731
2025-09-03,2025-09-03 13:55:10 UTC,Ullevaal_Stadion,4698
2025-09-03,2025-09-03 14:00:05 UTC,Ullevaal_Stadion,4713
2025-09-03,2025-09-03 14:05:11 UTC,Ullevaal_Stadion,4778
2025-09-03,2025-09-03 14:10:11 UTC,Ullevaal_Stadion,4756
2025-09-03,2025-09-03 14:15:06 UTC,Ullevaal_Stadion,4653
2025-09-03,2025-09-03 14:20:05 UTC,Ullevaal_Stadion,4769
2025-09-03,2025-09-03 14:25:06 UTC,Ullevaal_Stadion,4836
2025-09-03,2025-09-03 14:30:08 UTC,Ullevaal_Stadion,4671
2025-09-03,2025-09-03 14:35:06 UTC,Ullevaal_Stadion,4580
2025-09-03,2025-09-03 14:40:05 UTC,Ullevaal_Stadion,4649
2025-09-03,2025-09-03 14:45:06 UTC,Ullevaal_Stadion,4593
2025-09-03,2025-09-03 14:50:04 UTC,Ullevaal_Stadion,4424
2025-09-03,2025-09-03 14:55:07 UTC,Ullevaal_Stadion,4362
2025-09-03,2025-09-03 15:00:06 UTC,Ullevaal_Stadion,4400
2025-09-03,2025-09-03 15:05:07 UTC,Ullevaal_Stadion,4329
2025-09-03,2025-09-03 15:10:06 UTC,Ullevaal_Stadion,4247
2025-09-03,2025-09-03 15:15:12 UTC,Ullevaal_Stadion,4196
2025-09-03,2025-09-03 15:20:06 UTC,Ullevaal_Stadion,4313
2025-09-03,2025-09-03 15:25:06 UTC,Ullevaal_Stadion,4231
2025-09-03,2025-09-03 15:30:07 UTC,Ullevaal_Stadion,4309
2025-09-03,2025-09-03 15:35:06 UTC,Ullevaal_Stadion,4264
2025-09-03,2025-09-03 15:40:07 UTC,Ullevaal_Stadion,4100
2025-09-03,2025-09-03 15:45:07 UTC,Ullevaal_Stadion,4138
2025-09-03,2025-09-03 15:50:07 UTC,Ullevaal_Stadion,4189
2025-09-03,2025-09-03 15:55:06 UTC,Ullevaal_Stadion,4062
2025-09-03,2025-09-03 16:00:07 UTC,Ullevaal_Stadion,4047
2025-09-03,2025-09-03 16:05:12 UTC,Ullevaal_Stadion,4009
2025-09-03,2025-09-03 16:10:11 UTC,Ullevaal_Stadion,3989
2025-09-03,2025-09-03 16:15:06 UTC,Ullevaal_Stadion,3951
2025-09-03,2025-09-03 16:20:06 UTC,Ullevaal_Stadion,3967
2025-09-03,2025-09-03 16:25:07 UTC,Ullevaal_Stadion,4040
2025-09-03,2025-09-03 16:30:09 UTC,Ullevaal_Stadion,4056
2025-09-03,2025-09-03 16:35:08 UTC,Ullevaal_Stadion,4036
2025-09-03,2025-09-03 16:40:12 UTC,Ullevaal_Stadion,4022
2025-09-03,2025-09-03 16:45:04 UTC,Ullevaal_Stadion,3942
2025-09-03,2025-09-03 16:50:06 UTC,Ullevaal_Stadion,3929
2025-09-03,2025-09-03 16:55:06 UTC,Ullevaal_Stadion,3836
2025-09-03,2025-09-03 17:00:10 UTC,Ullevaal_Stadion,3829
2025-09-03,2025-09-03 17:05:06 UTC,Ullevaal_Stadion,3791
2025-09-03,2025-09-03 17:10:12 UTC,Ullevaal_Stadion,3764
2025-09-03,2025-09-03 17:15:06 UTC,Ullevaal_Stadion,3782
2025-09-03,2025-09-03 17:20:08 UTC,Ullevaal_Stadion,3833
2025-09-03,2025-09-03 17:25:06 UTC,Ullevaal_Stadion,3676
2025-09-03,2025-09-03 17:30:08 UTC,Ullevaal_Stadion,3720
2025-09-03,2025-09-03 17:35:13 UTC,Ullevaal_Stadion,3762
2025-09-03,2025-09-03 17:40:13 UTC,Ullevaal_Stadion,3736
2025-09-03,2025-09-03 17:45:09 UTC,Ullevaal_Stadion,3700
2025-09-03,2025-09-03 17:50:05 UTC,Ullevaal_Stadion,3709
2025-09-03,2025-09-03 17:55:07 UTC,Ullevaal_Stadion,3684
2025-09-03,2025-09-03 18:00:08 UTC,Ullevaal_Stadion,3691
2025-09-03,2025-09-03 18:05:12 UTC,Ullevaal_Stadion,3707
2025-09-03,2025-09-03 18:10:10 UTC,Ullevaal_Stadion,3640
2025-09-03,2025-09-03 18:15:05 UTC,Ullevaal_Stadion,3593
2025-09-03,2025-09-03 18:20:06 UTC,Ullevaal_Stadion,3622
2025-09-03,2025-09-03 18:25:06 UTC,Ullevaal_Stadion,3589
2025-09-03,2025-09-03 18:30:10 UTC,Ullevaal_Stadion,3544
2025-09-03,2025-09-03 18:35:07 UTC,Ullevaal_Stadion,3551
2025-09-03,2025-09-03 18:40:05 UTC,Ullevaal_Stadion,3613
2025-09-03,2025-09-03 18:45:06 UTC,Ullevaal_Stadion,3542
2025-09-03,2025-09-03 18:50:06 UTC,Ullevaal_Stadion,3584
2025-09-03,2025-09-03 18:55:07 UTC,Ullevaal_Stadion,3622
2025-09-03,2025-09-03 19:00:09 UTC,Ullevaal_Stadion,3600
2025-09-03,2025-09-03 19:05:11 UTC,Ullevaal_Stadion,3633
2025-09-03,2025-09-03 19:10:07 UTC,Ullevaal_Stadion,3560
2025-09-03,2025-09-03 19:15:11 UTC,Ullevaal_Stadion,3480
2025-09-03,2025-09-03 19:20:06 UTC,Ullevaal_Stadion,3573
2025-09-03,2025-09-03 19:25:06 UTC,Ullevaal_Stadion,3518
2025-09-03,2025-09-03 19:30:07 UTC,Ullevaal_Stadion,3491
2025-09-03,2025-09-03 19:35:08 UTC,Ullevaal_Stadion,3524
2025-09-03,2025-09-03 19:40:06 UTC,Ullevaal_Stadion,3507
2025-09-03,2025-09-03 19:45:06 UTC,Ullevaal_Stadion,3618
2025-09-03,2025-09-03 19:50:05 UTC,Ullevaal_Stadion,3500
2025-09-03,2025-09-03 19:55:05 UTC,Ullevaal_Stadion,3498
2025-09-03,2025-09-03 20:00:06 UTC,Ullevaal_Stadion,3520
2025-09-03,2025-09-03 20:05:06 UTC,Ullevaal_Stadion,3540
2025-09-03,2025-09-03 20:10:07 UTC,Ullevaal_Stadion,3511
2025-09-03,2025-09-03 20:15:12 UTC,Ullevaal_Stadion,3527
2025-09-03,2025-09-03 20:20:07 UTC,Ullevaal_Stadion,3556
2025-09-03,2025-09-03 20:25:05 UTC,Ullevaal_Stadion,3516
2025-09-03,2025-09-03 20:30:08 UTC,Ullevaal_Stadion,3527
2025-09-03,2025-09-03 20:35:11 UTC,Ullevaal_Stadion,3582
2025-09-03,2025-09-03 20:40:06 UTC,Ullevaal_Stadion,3520
2025-09-03,2025-09-03 20:45:10 UTC,Ullevaal_Stadion,3538
2025-09-03,2025-09-03 20:50:06 UTC,Ullevaal_Stadion,3496
2025-09-03,2025-09-03 20:55:11 UTC,Ullevaal_Stadion,3491
2025-09-03,2025-09-03 21:00:06 UTC,Ullevaal_Stadion,3611
2025-09-03,2025-09-03 21:05:07 UTC,Ullevaal_Stadion,3649
2025-09-03,2025-09-03 21:10:07 UTC,Ullevaal_Stadion,3578
2025-09-03,2025-09-03 21:15:05 UTC,Ullevaal_Stadion,3538
2025-09-03,2025-09-03 21:20:04 UTC,Ullevaal_Stadion,3582
2025-09-03,2025-09-03 21:25:07 UTC,Ullevaal_Stadion,3589
2025-09-03,2025-09-03 21:30:11 UTC,Ullevaal_Stadion,3513
2025-09-03,2025-09-03 21:35:07 UTC,Ullevaal_Stadion,3598
2025-09-03,2025-09-03 21:40:05 UTC,Ullevaal_Stadion,3509
2025-09-03,2025-09-03 21:45:06 UTC,Ullevaal_Stadion,3500
2025-09-03,2025-09-03 21:50:07 UTC,Ullevaal_Stadion,3480
2025-09-03,2025-09-03 21:55:07 UTC,Ullevaal_Stadion,3587
2025-09-03,2025-09-03 22:00:10 UTC,Ullevaal_Stadion,3487
2025-09-03,2025-09-03 22:05:06 UTC,Ullevaal_Stadion,3484
2025-09-03,2025-09-03 22:10:11 UTC,Ullevaal_Stadion,3458
2025-09-03,2025-09-03 22:15:07 UTC,Ullevaal_Stadion,3456
2025-09-03,2025-09-03 22:20:06 UTC,Ullevaal_Stadion,3456
2025-09-03,2025-09-03 22:25:07 UTC,Ullevaal_Stadion,3447
2025-09-03,2025-09-03 22:30:12 UTC,Ullevaal_Stadion,3440
2025-09-03,2025-09-03 22:35:10 UTC,Ullevaal_Stadion,3371
2025-09-03,2025-09-03 22:40:05 UTC,Ullevaal_Stadion,3451
2025-09-03,2025-09-03 22:45:06 UTC,Ullevaal_Stadion,3464
2025-09-03,2025-09-03 22:50:05 UTC,Ullevaal_Stadion,3438
2025-09-03,2025-09-03 22:55:10 UTC,Ullevaal_Stadion,3380
2025-09-03,2025-09-03 23:00:07 UTC,Ullevaal_Stadion,3427
2025-09-03,2025-09-03 23:05:07 UTC,Ullevaal_Stadion,3380
2025-09-03,2025-09-03 23:10:09 UTC,Ullevaal_Stadion,3424
2025-09-03,2025-09-03 23:15:05 UTC,Ullevaal_Stadion,3364
2025-09-03,2025-09-03 23:20:06 UTC,Ullevaal_Stadion,3382
2025-09-03,2025-09-03 23:25:07 UTC,Ullevaal_Stadion,3456
2025-09-03,2025-09-03 23:30:05 UTC,Ullevaal_Stadion,3384
2025-09-03,2025-09-03 23:35:10 UTC,Ullevaal_Stadion,3344
2025-09-03,2025-09-03 23:40:06 UTC,Ullevaal_Stadion,3416
2025-09-03,2025-09-03 23:45:06 UTC,Ullevaal_Stadion,3311
2025-09-03,2025-09-03 23:50:07 UTC,Ullevaal_Stadion,3296
2025-09-03,2025-09-03 23:55:10 UTC,Ullevaal_Stadion,3284
2025-09-04,2025-09-04 00:00:08 UTC,Ullevaal_Stadion,3284
2025-09-04,2025-09-04 00:05:07 UTC,Ullevaal_Stadion,3384
2025-09-04,2025-09-04 00:10:10 UTC,Ullevaal_Stadion,3300
2025-09-04,2025-09-04 00:15:10 UTC,Ullevaal_Stadion,3353
2025-09-04,2025-09-04 00:20:06 UTC,Ullevaal_Stadion,3287
2025-09-04,2025-09-04 00:25:06 UTC,Ullevaal_Stadion,3356
2025-09-04,2025-09-04 00:30:07 UTC,Ullevaal_Stadion,3351
2025-09-04,2025-09-04 00:35:06 UTC,Ullevaal_Stadion,3278
2025-09-04,2025-09-04 00:40:06 UTC,Ullevaal_Stadion,3291
2025-09-04,2025-09-04 00:45:11 UTC,Ullevaal_Stadion,3396
2025-09-04,2025-09-04 00:50:10 UTC,Ullevaal_Stadion,3298
2025-09-04,2025-09-04 00:55:06 UTC,Ullevaal_Stadion,3351
2025-09-04,2025-09-04 01:00:07 UTC,Ullevaal_Stadion,3278
2025-09-04,2025-09-04 01:05:06 UTC,Ullevaal_Stadion,3269
2025-09-04,2025-09-04 01:10:05 UTC,Ullevaal_Stadion,3278
2025-09-04,2025-09-04 01:15:06 UTC,Ullevaal_Stadion,3282
2025-09-04,2025-09-04 01:20:09 UTC,Ullevaal_Stadion,3313
2025-09-04,2025-09-04 01:25:06 UTC,Ullevaal_Stadion,3276
2025-09-04,2025-09-04 01:30:10 UTC,Ullevaal_Stadion,3293
2025-09-04,2025-09-04 01:35:09 UTC,Ullevaal_Stadion,3324
2025-09-04,2025-09-04 01:40:06 UTC,Ullevaal_Stadion,3249
2025-09-04,2025-09-04 01:45:06 UTC,Ullevaal_Stadion,3309
2025-09-04,2025-09-04 01:50:07 UTC,Ullevaal_Stadion,3258
2025-09-04,2025-09-04 01:55:07 UTC,Ullevaal_Stadion,3296
2025-09-04,2025-09-04 02:00:06 UTC,Ullevaal_Stadion,3264
2025-09-04,2025-09-04 02:05:07 UTC,Ullevaal_Stadion,3242
2025-09-04,2025-09-04 02:10:06 UTC,Ullevaal_Stadion,3198
2025-09-04,2025-09-04 02:15:06 UTC,Ullevaal_Stadion,3204
2025-09-04,2025-09-04 02:20:09 UTC,Ullevaal_Stadion,3200
2025-09-04,2025-09-04 02:25:09 UTC,Ullevaal_Stadion,3231
2025-09-04,2025-09-04 02:30:09 UTC,Ullevaal_Stadion,3211
2025-09-04,2025-09-04 02:35:06 UTC,Ullevaal_Stadion,3182
2025-09-04,2025-09-04 02:40:06 UTC,Ullevaal_Stadion,3162
2025-09-04,2025-09-04 02:45:10 UTC,Ullevaal_Stadion,3164
2025-09-04,2025-09-04 02:50:06 UTC,Ullevaal_Stadion,3158
2025-09-04,2025-09-04 02:55:06 UTC,Ullevaal_Stadion,3153
2025-09-04,2025-09-04 03:00:10 UTC,Ullevaal_Stadion,3144
2025-09-04,2025-09-04 03:05:06 UTC,Ullevaal_Stadion,3111
2025-09-04,2025-09-04 03:10:06 UTC,Ullevaal_Stadion,3100
2025-09-04,2025-09-04 03:15:06 UTC,Ullevaal_Stadion,3133
2025-09-04,2025-09-04 03:20:04 UTC,Ullevaal_Stadion,3102
2025-09-04,2025-09-04 03:25:05 UTC,Ullevaal_Stadion,3096
2025-09-04,2025-09-04 03:30:10 UTC,Ullevaal_Stadion,3142
2025-09-04,2025-09-04 03:35:07 UTC,Ullevaal_Stadion,3107
2025-09-04,2025-09-04 03:40:06 UTC,Ullevaal_Stadion,3113
2025-09-04,2025-09-04 03:45:05 UTC,Ullevaal_Stadion,3093
2025-09-04,2025-09-04 03:50:07 UTC,Ullevaal_Stadion,3162
2025-09-04,2025-09-04 03:55:06 UTC,Ullevaal_Stadion,3202
2025-09-04,2025-09-04 04:00:05 UTC,Ullevaal_Stadion,3178
2025-09-04,2025-09-04 04:05:09 UTC,Ullevaal_Stadion,3178
2025-09-04,2025-09-04 04:10:05 UTC,Ullevaal_Stadion,3182
2025-09-04,2025-09-04 04:15:05 UTC,Ullevaal_Stadion,3269
2025-09-04,2025-09-04 04:20:11 UTC,Ullevaal_Stadion,3262
2025-09-04,2025-09-04 04:25:09 UTC,Ullevaal_Stadion,3296
2025-09-04,2025-09-04 04:30:05 UTC,Ullevaal_Stadion,3267
2025-09-04,2025-09-04 04:35:06 UTC,Ullevaal_Stadion,3287
2025-09-04,2025-09-04 04:40:10 UTC,Ullevaal_Stadion,3393
2025-09-04,2025-09-04 04:45:10 UTC,Ullevaal_Stadion,3424
2025-09-04,2025-09-04 04:50:06 UTC,Ullevaal_Stadion,3453
2025-09-04,2025-09-04 04:55:05 UTC,Ullevaal_Stadion,3373
2025-09-04,2025-09-04 05:00:06 UTC,Ullevaal_Stadion,3440
2025-09-04,2025-09-04 05:05:08 UTC,Ullevaal_Stadion,3540
2025-09-04,2025-09-04 05:10:09 UTC,Ullevaal_Stadion,3562
2025-09-04,2025-09-04 05:15:04 UTC,Ullevaal_Stadion,3624
2025-09-04,2025-09-04 05:20:10 UTC,Ullevaal_Stadion,3718
2025-09-04,2025-09-04 05:25:06 UTC,Ullevaal_Stadion,3742
2025-09-04,2025-09-04 05:30:08 UTC,Ullevaal_Stadion,3791
2025-09-04,2025-09-04 05:35:11 UTC,Ullevaal_Stadion,3751
2025-09-04,2025-09-04 05:40:06 UTC,Ullevaal_Stadion,3889
2025-09-04,2025-09-04 05:45:06 UTC,Ullevaal_Stadion,4098
2025-09-04,2025-09-04 05:50:06 UTC,Ullevaal_Stadion,4011
2025-09-04,2025-09-04 05:55:10 UTC,Ullevaal_Stadion,4053
2025-09-04,2025-09-04 06:00:06 UTC,Ullevaal_Stadion,4056
2025-09-04,2025-09-04 06:05:05 UTC,Ullevaal_Stadion,4111
2025-09-04,2025-09-04 06:10:05 UTC,Ullevaal_Stadion,4336
2025-09-04,2025-09-04 06:15:06 UTC,Ullevaal_Stadion,4360
2025-09-04,2025-09-04 06:20:09 UTC,Ullevaal_Stadion,4336
2025-09-04,2025-09-04 06:25:05 UTC,Ullevaal_Stadion,4364
2025-09-04,2025-09-04 06:30:06 UTC,Ullevaal_Stadion,4351
2025-09-04,2025-09-04 06:35:11 UTC,Ullevaal_Stadion,4433
2025-09-04,2025-09-04 06:40:05 UTC,Ullevaal_Stadion,4464
2025-09-04,2025-09-04 06:45:10 UTC,Ullevaal_Stadion,4558
2025-09-04,2025-09-04 06:50:06 UTC,Ullevaal_Stadion,4651
2025-09-04,2025-09-04 06:55:03 UTC,Ullevaal_Stadion,4793
2025-09-04,2025-09-04 07:00:09 UTC,Ullevaal_Stadion,4924
2025-09-04,2025-09-04 07:05:04 UTC,Ullevaal_Stadion,4873
2025-09-04,2025-09-04 07:10:06 UTC,Ullevaal_Stadion,4978
2025-09-04,2025-09-04 07:15:09 UTC,Ullevaal_Stadion,4978
2025-09-04,2025-09-04 07:20:09 UTC,Ullevaal_Stadion,5058
2025-09-04,2025-09-04 07:25:05 UTC,Ullevaal_Stadion,4978
2025-09-04,2025-09-04 07:30:10 UTC,Ullevaal_Stadion,5018
2025-09-04,2025-09-04 07:35:06 UTC,Ullevaal_Stadion,5078
2025-09-04,2025-09-04 07:40:10 UTC,Ullevaal_Stadion,5144
2025-09-04,2025-09-04 07:45:06 UTC,Ullevaal_Stadion,5176
2025-09-04,2025-09-04 07:50:06 UTC,Ullevaal_Stadion,5100
2025-09-04,2025-09-04 07:55:09 UTC,Ullevaal_Stadion,5273
2025-09-04,2025-09-04 08:00:06 UTC,Ullevaal_Stadion,5136
2025-09-04,2025-09-04 08:05:08 UTC,Ullevaal_Stadion,5200
2025-09-04,2025-09-04 08:10:08 UTC,Ullevaal_Stadion,5178
2025-09-04,2025-09-04 08:15:06 UTC,Ullevaal_Stadion,5100
2025-09-04,2025-09-04 08:20:10 UTC,Ullevaal_Stadion,5122
2025-09-04,2025-09-04 08:25:07 UTC,Ullevaal_Stadion,5189
2025-09-04,2025-09-04 08:30:07 UTC,Ullevaal_Stadion,5213
2025-09-04,2025-09-04 08:35:06 UTC,Ullevaal_Stadion,5138
2025-09-04,2025-09-04 08:40:06 UTC,Ullevaal_Stadion,5133
2025-09-04,2025-09-04 08:45:06 UTC,Ullevaal_Stadion,5120
2025-09-04,2025-09-04 08:50:10 UTC,Ullevaal_Stadion,5136
2025-09-04,2025-09-04 08:55:06 UTC,Ullevaal_Stadion,5131
2025-09-04,2025-09-04 09:00:11 UTC,Ullevaal_Stadion,5231
2025-09-04,2025-09-04 09:05:10 UTC,Ullevaal_Stadion,5189
2025-09-04,2025-09-04 09:10:11 UTC,Ullevaal_Stadion,5240
2025-09-04,2025-09-04 09:15:04 UTC,Ullevaal_Stadion,5202
2025-09-04,2025-09-04 09:20:06 UTC,Ullevaal_Stadion,5344
2025-09-04,2025-09-04 09:25:10 UTC,Ullevaal_Stadion,5164
2025-09-04,2025-09-04 09:30:08 UTC,Ullevaal_Stadion,5144
2025-09-04,2025-09-04 09:35:10 UTC,Ullevaal_Stadion,5256
2025-09-04,2025-09-04 09:40:05 UTC,Ullevaal_Stadion,5264
2025-09-04,2025-09-04 09:45:10 UTC,Ullevaal_Stadion,5173
2025-09-04,2025-09-04 09:50:03 UTC,Ullevaal_Stadion,5291
2025-09-04,2025-09-04 09:55:06 UTC,Ullevaal_Stadion,5198
2025-09-04,2025-09-04 10:00:07 UTC,Ullevaal_Stadion,5113
2025-09-04,2025-09-04 10:05:07 UTC,Ullevaal_Stadion,5242
2025-09-04,2025-09-04 10:10:11 UTC,Ullevaal_Stadion,5213
2025-09-04,2025-09-04 10:15:07 UTC,Ullevaal_Stadion,5258
2025-09-04,2025-09-04 10:20:05 UTC,Ullevaal_Stadion,5264
2025-09-04,2025-09-04 10:25:08 UTC,Ullevaal_Stadion,5249
2025-09-04,2025-09-04 10:30:05 UTC,Ullevaal_Stadion,5260
2025-09-04,2025-09-04 10:35:11 UTC,Ullevaal_Stadion,5220
2025-09-04,2025-09-04 10:40:07 UTC,Ullevaal_Stadion,5242
2025-09-04,2025-09-04 10:45:10 UTC,Ullevaal_Stadion,5329
2025-09-04,2025-09-04 10:50:07 UTC,Ullevaal_Stadion,5320
2025-09-04,2025-09-04 10:55:10 UTC,Ullevaal_Stadion,5247
2025-09-04,2025-09-04 11:00:06 UTC,Ullevaal_Stadion,5282
2025-09-04,2025-09-04 11:05:07 UTC,Ullevaal_Stadion,5329
2025-09-04,2025-09-04 11:10:11 UTC,Ullevaal_Stadion,5238
2025-09-04,2025-09-04 11:15:07 UTC,Ullevaal_Stadion,5291
2025-09-04,2025-09-04 11:20:05 UTC,Ullevaal_Stadion,5324
2025-09-04,2025-09-04 11:25:05 UTC,Ullevaal_Stadion,5298
2025-09-04,2025-09-04 11:30:08 UTC,Ullevaal_Stadion,5224
2025-09-04,2025-09-04 11:35:07 UTC,Ullevaal_Stadion,5289
2025-09-04,2025-09-04 11:40:07 UTC,Ullevaal_Stadion,5358
2025-09-04,2025-09-04 11:45:06 UTC,Ullevaal_Stadion,5273
2025-09-04,2025-09-04 11:50:11 UTC,Ullevaal_Stadion,5282
2025-09-04,2025-09-04 11:55:07 UTC,Ullevaal_Stadion,5280
2025-09-04,2025-09-04 12:00:07 UTC,Ullevaal_Stadion,5158
2025-09-04,2025-09-04 12:05:12 UTC,Ullevaal_Stadion,5200
2025-09-04,2025-09-04 12:10:06 UTC,Ullevaal_Stadion,5104
2025-09-04,2025-09-04 12:15:10 UTC,Ullevaal_Stadion,5078
2025-09-04,2025-09-04 12:20:05 UTC,Ullevaal_Stadion,5224
2025-09-04,2025-09-04 12:25:05 UTC,Ullevaal_Stadion,5231
2025-09-04,2025-09-04 12:30:06 UTC,Ullevaal_Stadion,5287
2025-09-04,2025-09-04 12:35:06 UTC,Ullevaal_Stadion,5322
2025-09-04,2025-09-04 12:40:05 UTC,Ullevaal_Stadion,5156
2025-09-04,2025-09-04 12:45:09 UTC,Ullevaal_Stadion,5304
2025-09-04,2025-09-04 12:50:11 UTC,Ullevaal_Stadion,5471
2025-09-04,2025-09-04 12:55:06 UTC,Ullevaal_Stadion,5324
2025-09-04,2025-09-04 13:00:11 UTC,Ullevaal_Stadion,5236
2025-09-04,2025-09-04 13:05:14 UTC,Ullevaal_Stadion,5356
2025-09-04,2025-09-04 13:10:09 UTC,Ullevaal_Stadion,5309
2025-09-04,2025-09-04 13:15:09 UTC,Ullevaal_Stadion,5331
2025-09-04,2025-09-04 13:20:06 UTC,Ullevaal_Stadion,5409
2025-09-04,2025-09-04 13:25:06 UTC,Ullevaal_Stadion,5387
2025-09-04,2025-09-04 13:30:06 UTC,Ullevaal_Stadion,5358
2025-09-04,2025-09-04 13:35:12 UTC,Ullevaal_Stadion,5460
2025-09-04,2025-09-04 13:40:06 UTC,Ullevaal_Stadion,5411
2025-09-04,2025-09-04 13:45:06 UTC,Ullevaal_Stadion,5518
2025-09-04,2025-09-04 13:50:04 UTC,Ullevaal_Stadion,5429
2025-09-04,2025-09-04 13:55:10 UTC,Ullevaal_Stadion,5511
2025-09-04,2025-09-04 14:00:09 UTC,Ullevaal_Stadion,5967
2025-09-04,2025-09-04 14:05:13 UTC,Ullevaal_Stadion,5962
2025-09-04,2025-09-04 14:10:08 UTC,Ullevaal_Stadion,6200
2025-09-04,2025-09-04 14:15:07 UTC,Ullevaal_Stadion,6487
2025-09-04,2025-09-04 14:20:06 UTC,Ullevaal_Stadion,6522
2025-09-04,2025-09-04 14:25:10 UTC,Ullevaal_Stadion,6918
2025-09-04,2025-09-04 14:30:13 UTC,Ullevaal_Stadion,7213
2025-09-04,2025-09-04 14:35:10 UTC,Ullevaal_Stadion,7444
2025-09-04,2025-09-04 14:40:05 UTC,Ullevaal_Stadion,7560
2025-09-04,2025-09-04 14:45:06 UTC,Ullevaal_Stadion,7960
2025-09-04,2025-09-04 14:50:10 UTC,Ullevaal_Stadion,8662
2025-09-04,2025-09-04 14:55:06 UTC,Ullevaal_Stadion,8780
2025-09-04,2025-09-04 15:00:07 UTC,Ullevaal_Stadion,9542
2025-09-04,2025-09-04 15:05:06 UTC,Ullevaal_Stadion,9867
2025-09-04,2025-09-04 15:10:05 UTC,Ullevaal_Stadion,10553
2025-09-04,2025-09-04 15:15:10 UTC,Ullevaal_Stadion,11191
2025-09-04,2025-09-04 15:20:09 UTC,Ullevaal_Stadion,12149
2025-09-04,2025-09-04 15:25:11 UTC,Ullevaal_Stadion,12807
2025-09-04,2025-09-04 15:30:11 UTC,Ullevaal_Stadion,13587
2025-09-04,2025-09-04 15:35:05 UTC,Ullevaal_Stadion,14971
2025-09-04,2025-09-04 15:40:07 UTC,Ullevaal_Stadion,16067
2025-09-04,2025-09-04 15:45:05 UTC,Ullevaal_Stadion,17180
2025-09-04,2025-09-04 15:50:05 UTC,Ullevaal_Stadion,18107
2025-09-04,2025-09-04 15:55:06 UTC,Ullevaal_Stadion,18984
2025-09-04,2025-09-04 16:00:07 UTC,Ullevaal_Stadion,19351
2025-09-04,2025-09-04 16:05:07 UTC,Ullevaal_Stadion,19504
2025-09-04,2025-09-04 16:10:06 UTC,Ullevaal_Stadion,19820
2025-09-04,2025-09-04 16:15:06 UTC,Ullevaal_Stadion,19782
2025-09-04,2025-09-04 16:20:07 UTC,Ullevaal_Stadion,19727
2025-09-04,2025-09-04 16:25:11 UTC,Ullevaal_Stadion,19891
2025-09-04,2025-09-04 16:30:06 UTC,Ullevaal_Stadion,19796
2025-09-04,2025-09-04 16:35:07 UTC,Ullevaal_Stadion,19780
2025-09-04,2025-09-04 16:40:07 UTC,Ullevaal_Stadion,19916
2025-09-04,2025-09-04 16:45:11 UTC,Ullevaal_Stadion,19920
2025-09-04,2025-09-04 16:50:08 UTC,Ullevaal_Stadion,19896
2025-09-04,2025-09-04 16:55:09 UTC,Ullevaal_Stadion,19938
2025-09-04,2025-09-04 17:00:06 UTC,Ullevaal_Stadion,19704
2025-09-04,2025-09-04 17:05:10 UTC,Ullevaal_Stadion,19873
2025-09-04,2025-09-04 17:10:11 UTC,Ullevaal_Stadion,19760
2025-09-04,2025-09-04 17:15:05 UTC,Ullevaal_Stadion,19791
2025-09-04,2025-09-04 17:20:07 UTC,Ullevaal_Stadion,19802
2025-09-04,2025-09-04 17:25:06 UTC,Ullevaal_Stadion,19673
2025-09-04,2025-09-04 17:30:06 UTC,Ullevaal_Stadion,19642
2025-09-04,2025-09-04 17:35:07 UTC,Ullevaal_Stadion,19516
2025-09-04,2025-09-04 17:40:04 UTC,Ullevaal_Stadion,19438
2025-09-04,2025-09-04 17:45:10 UTC,Ullevaal_Stadion,18942
2025-09-04,2025-09-04 17:50:05 UTC,Ullevaal_Stadion,18007
2025-09-04,2025-09-04 17:55:06 UTC,Ullevaal_Stadion,16324
2025-09-04,2025-09-04 18:00:10 UTC,Ullevaal_Stadion,13787
2025-09-04,2025-09-04 18:05:11 UTC,Ullevaal_Stadion,11638
2025-09-04,2025-09-04 18:10:10 UTC,Ullevaal_Stadion,9496
2025-09-04,2025-09-04 18:15:07 UTC,Ullevaal_Stadion,7951
2025-09-04,2025-09-04 18:20:06 UTC,Ullevaal_Stadion,7000
2025-09-04,2025-09-04 18:25:06 UTC,Ullevaal_Stadion,6287
2025-09-04,2025-09-04 18:30:07 UTC,Ullevaal_Stadion,5691
2025-09-04,2025-09-04 18:35:08 UTC,Ullevaal_Stadion,5211
2025-09-04,2025-09-04 18:40:11 UTC,Ullevaal_Stadion,4840
2025-09-04,2025-09-04 18:45:07 UTC,Ullevaal_Stadion,4702
2025-09-04,2025-09-04 18:50:06 UTC,Ullevaal_Stadion,4616
2025-09-04,2025-09-04 18:55:10 UTC,Ullevaal_Stadion,4416
2025-09-04,2025-09-04 19:00:06 UTC,Ullevaal_Stadion,4267
2025-09-04,2025-09-04 19:05:10 UTC,Ullevaal_Stadion,4216
2025-09-04,2025-09-04 19:10:06 UTC,Ullevaal_Stadion,4071
2025-09-04,2025-09-04 19:15:08 UTC,Ullevaal_Stadion,3998
2025-09-04,2025-09-04 19:20:06 UTC,Ullevaal_Stadion,4062
2025-09-04,2025-09-04 19:25:05 UTC,Ullevaal_Stadion,3940
2025-09-04,2025-09-04 19:30:11 UTC,Ullevaal_Stadion,3880
2025-09-04,2025-09-04 19:35:09 UTC,Ullevaal_Stadion,3949
2025-09-04,2025-09-04 19:40:04 UTC,Ullevaal_Stadion,3838
2025-09-04,2025-09-04 19:45:07 UTC,Ullevaal_Stadion,3764
2025-09-04,2025-09-04 19:50:06 UTC,Ullevaal_Stadion,3749
2025-09-04,2025-09-04 19:55:06 UTC,Ullevaal_Stadion,3724
2025-09-04,2025-09-04 20:00:07 UTC,Ullevaal_Stadion,3800
2025-09-04,2025-09-04 20:05:07 UTC,Ullevaal_Stadion,3742
2025-09-04,2025-09-04 20:10:08 UTC,Ullevaal_Stadion,3740
2025-09-04,2025-09-04 20:15:06 UTC,Ullevaal_Stadion,3744
2025-09-04,2025-09-04 20:20:06 UTC,Ullevaal_Stadion,3678
2025-09-04,2025-09-04 20:25:06 UTC,Ullevaal_Stadion,3669
2025-09-04,2025-09-04 20:30:05 UTC,Ullevaal_Stadion,3673
2025-09-04,2025-09-04 20:35:06 UTC,Ullevaal_Stadion,3638
2025-09-04,2025-09-04 20:40:06 UTC,Ullevaal_Stadion,3607
2025-09-04,2025-09-04 20:45:07 UTC,Ullevaal_Stadion,3573
2025-09-04,2025-09-04 20:50:11 UTC,Ullevaal_Stadion,3551
2025-09-04,2025-09-04 20:55:06 UTC,Ullevaal_Stadion,3520
2025-09-04,2025-09-04 21:00:11 UTC,Ullevaal_Stadion,3529
2025-09-04,2025-09-04 21:05:07 UTC,Ullevaal_Stadion,3542
2025-09-04,2025-09-04 21:10:04 UTC,Ullevaal_Stadion,3504
2025-09-04,2025-09-04 21:15:07 UTC,Ullevaal_Stadion,3591
2025-09-04,2025-09-04 21:20:04 UTC,Ullevaal_Stadion,3531
2025-09-04,2025-09-04 21:25:05 UTC,Ullevaal_Stadion,3491
2025-09-04,2025-09-04 21:30:05 UTC,Ullevaal_Stadion,3500
2025-09-04,2025-09-04 21:35:07 UTC,Ullevaal_Stadion,3542
2025-09-04,2025-09-04 21:40:07 UTC,Ullevaal_Stadion,3493
2025-09-04,2025-09-04 21:45:04 UTC,Ullevaal_Stadion,3480
2025-09-04,2025-09-04 21:50:05 UTC,Ullevaal_Stadion,3467
2025-09-04,2025-09-04 21:55:08 UTC,Ullevaal_Stadion,3447
2025-09-04,2025-09-04 22:00:06 UTC,Ullevaal_Stadion,3438
2025-09-04,2025-09-04 22:05:06 UTC,Ullevaal_Stadion,3442
2025-09-04,2025-09-04 22:10:07 UTC,Ullevaal_Stadion,3456
2025-09-04,2025-09-04 22:15:04 UTC,Ullevaal_Stadion,3442
2025-09-04,2025-09-04 22:20:05 UTC,Ullevaal_Stadion,3407
2025-09-04,2025-09-04 22:25:04 UTC,Ullevaal_Stadion,3333
2025-09-04,2025-09-04 22:30:06 UTC,Ullevaal_Stadion,3396
2025-09-04,2025-09-04 22:35:08 UTC,Ullevaal_Stadion,3402
2025-09-04,2025-09-04 22:40:04 UTC,Ullevaal_Stadion,3276
2025-09-04,2025-09-04 22:45:06 UTC,Ullevaal_Stadion,3320
2025-09-04,2025-09-04 22:50:05 UTC,Ullevaal_Stadion,3322
2025-09-04,2025-09-04 22:55:04 UTC,Ullevaal_Stadion,3351
2025-09-04,2025-09-04 23:00:07 UTC,Ullevaal_Stadion,3280
2025-09-04,2025-09-04 23:05:07 UTC,Ullevaal_Stadion,3340
2025-09-04,2025-09-04 23:10:05 UTC,Ullevaal_Stadion,3358
2025-09-04,2025-09-04 23:15:05 UTC,Ullevaal_Stadion,3313
2025-09-04,2025-09-04 23:20:07 UTC,Ullevaal_Stadion,3304
2025-09-04,2025-09-04 23:25:06 UTC,Ullevaal_Stadion,3247
2025-09-04,2025-09-04 23:30:05 UTC,Ullevaal_Stadion,3302
2025-09-04,2025-09-04 23:35:06 UTC,Ullevaal_Stadion,3256
2025-09-04,2025-09-04 23:40:10 UTC,Ullevaal_Stadion,3233
2025-09-04,2025-09-04 23:45:06 UTC,Ullevaal_Stadion,3236
2025-09-04,2025-09-04 23:50:07 UTC,Ullevaal_Stadion,3218
2025-09-04,2025-09-04 23:55:06 UTC,Ullevaal_Stadion,3227
2025-09-09,2025-09-09 00:00:05 UTC,Ullevaal_Stadion,3182
2025-09-09,2025-09-09 00:05:06 UTC,Ullevaal_Stadion,3187
2025-09-09,2025-09-09 00:10:06 UTC,Ullevaal_Stadion,3207
2025-09-09,2025-09-09 00:15:05 UTC,Ullevaal_Stadion,3187
2025-09-09,2025-09-09 00:20:04 UTC,Ullevaal_Stadion,3196
2025-09-09,2025-09-09 00:25:04 UTC,Ullevaal_Stadion,3184
2025-09-09,2025-09-09 00:30:09 UTC,Ullevaal_Stadion,3193
2025-09-09,2025-09-09 00:35:11 UTC,Ullevaal_Stadion,3191
2025-09-09,2025-09-09 00:40:04 UTC,Ullevaal_Stadion,3193
2025-09-09,2025-09-09 00:45:06 UTC,Ullevaal_Stadion,3200
2025-09-09,2025-09-09 00:50:05 UTC,Ullevaal_Stadion,3200
2025-09-09,2025-09-09 00:55:05 UTC,Ullevaal_Stadion,3233
2025-09-09,2025-09-09 01:00:07 UTC,Ullevaal_Stadion,3193
2025-09-09,2025-09-09 01:05:07 UTC,Ullevaal_Stadion,3193
2025-09-09,2025-09-09 01:10:06 UTC,Ullevaal_Stadion,3164
2025-09-09,2025-09-09 01:15:05 UTC,Ullevaal_Stadion,3184
2025-09-09,2025-09-09 01:20:06 UTC,Ullevaal_Stadion,3176
2025-09-09,2025-09-09 01:25:06 UTC,Ullevaal_Stadion,3167
2025-09-09,2025-09-09 01:30:10 UTC,Ullevaal_Stadion,3164
2025-09-09,2025-09-09 01:35:06 UTC,Ullevaal_Stadion,3189
2025-09-09,2025-09-09 01:40:11 UTC,Ullevaal_Stadion,3193
2025-09-09,2025-09-09 01:45:06 UTC,Ullevaal_Stadion,3169
2025-09-09,2025-09-09 01:50:10 UTC,Ullevaal_Stadion,3156
2025-09-09,2025-09-09 01:55:05 UTC,Ullevaal_Stadion,3138
2025-09-09,2025-09-09 02:00:08 UTC,Ullevaal_Stadion,3140
2025-09-09,2025-09-09 02:05:07 UTC,Ullevaal_Stadion,3104
2025-09-09,2025-09-09 02:10:05 UTC,Ullevaal_Stadion,3109
2025-09-09,2025-09-09 02:15:06 UTC,Ullevaal_Stadion,3102
2025-09-09,2025-09-09 02:20:06 UTC,Ullevaal_Stadion,3113
2025-09-09,2025-09-09 02:25:06 UTC,Ullevaal_Stadion,3140
2025-09-09,2025-09-09 02:30:06 UTC,Ullevaal_Stadion,3107
2025-09-09,2025-09-09 02:35:06 UTC,Ullevaal_Stadion,3089
2025-09-09,2025-09-09 02:40:10 UTC,Ullevaal_Stadion,3096
2025-09-09,2025-09-09 02:45:05 UTC,Ullevaal_Stadion,3089
2025-09-09,2025-09-09 02:50:09 UTC,Ullevaal_Stadion,3091
2025-09-09,2025-09-09 02:55:05 UTC,Ullevaal_Stadion,3098
2025-09-09,2025-09-09 03:00:06 UTC,Ullevaal_Stadion,3080
2025-09-09,2025-09-09 03:05:07 UTC,Ullevaal_Stadion,3111
2025-09-09,2025-09-09 03:10:09 UTC,Ullevaal_Stadion,3102
2025-09-09,2025-09-09 03:15:07 UTC,Ullevaal_Stadion,3113
2025-09-09,2025-09-09 03:20:06 UTC,Ullevaal_Stadion,3118
2025-09-09,2025-09-09 03:25:05 UTC,Ullevaal_Stadion,3102
2025-09-09,2025-09-09 03:30:07 UTC,Ullevaal_Stadion,3096
2025-09-09,2025-09-09 03:35:10 UTC,Ullevaal_Stadion,3089
2025-09-09,2025-09-09 03:40:07 UTC,Ullevaal_Stadion,3098
2025-09-09,2025-09-09 03:45:06 UTC,Ullevaal_Stadion,3062
2025-09-09,2025-09-09 03:50:06 UTC,Ullevaal_Stadion,3011
2025-09-09,2025-09-09 03:55:07 UTC,Ullevaal_Stadion,3093
2025-09-09,2025-09-09 04:00:08 UTC,Ullevaal_Stadion,3102
2025-09-09,2025-09-09 04:05:06 UTC,Ullevaal_Stadion,3191
2025-09-09,2025-09-09 04:10:06 UTC,Ullevaal_Stadion,3124
2025-09-09,2025-09-09 04:15:10 UTC,Ullevaal_Stadion,3198
2025-09-09,2025-09-09 04:20:05 UTC,Ullevaal_Stadion,3202
2025-09-09,2025-09-09 04:25:09 UTC,Ullevaal_Stadion,3196
2025-09-09,2025-09-09 04:30:06 UTC,Ullevaal_Stadion,3222
2025-09-09,2025-09-09 04:35:07 UTC,Ullevaal_Stadion,3291
2025-09-09,2025-09-09 04:40:06 UTC,Ullevaal_Stadion,3336
2025-09-09,2025-09-09 04:45:06 UTC,Ullevaal_Stadion,3413
2025-09-09,2025-09-09 04:50:10 UTC,Ullevaal_Stadion,3351
2025-09-09,2025-09-09 04:55:07 UTC,Ullevaal_Stadion,3491
2025-09-09,2025-09-09 05:00:07 UTC,Ullevaal_Stadion,3404
2025-09-09,2025-09-09 05:05:06 UTC,Ullevaal_Stadion,3551
2025-09-09,2025-09-09 05:10:09 UTC,Ullevaal_Stadion,3691
2025-09-09,2025-09-09 05:15:06 UTC,Ullevaal_Stadion,3682
2025-09-09,2025-09-09 05:20:05 UTC,Ullevaal_Stadion,3600
2025-09-09,2025-09-09 05:25:09 UTC,Ullevaal_Stadion,3716
2025-09-09,2025-09-09 05:30:06 UTC,Ullevaal_Stadion,3616
2025-09-09,2025-09-09 05:35:06 UTC,Ullevaal_Stadion,3844
2025-09-09,2025-09-09 05:40:06 UTC,Ullevaal_Stadion,3836
2025-09-09,2025-09-09 05:45:05 UTC,Ullevaal_Stadion,3807
2025-09-09,2025-09-09 05:50:05 UTC,Ullevaal_Stadion,3996
2025-09-09,2025-09-09 05:55:05 UTC,Ullevaal_Stadion,4053
2025-09-09,2025-09-09 06:00:10 UTC,Ullevaal_Stadion,4000
2025-09-09,2025-09-09 06:05:06 UTC,Ullevaal_Stadion,4487
2025-09-09,2025-09-09 06:10:10 UTC,Ullevaal_Stadion,4298
2025-09-09,2025-09-09 06:15:05 UTC,Ullevaal_Stadion,4431
2025-09-09,2025-09-09 06:20:04 UTC,Ullevaal_Stadion,4662
2025-09-09,2025-09-09 06:25:06 UTC,Ullevaal_Stadion,4620
2025-09-09,2025-09-09 06:30:06 UTC,Ullevaal_Stadion,4491
2025-09-09,2025-09-09 06:35:06 UTC,Ullevaal_Stadion,4609
2025-09-09,2025-09-09 06:40:06 UTC,Ullevaal_Stadion,4700
2025-09-09,2025-09-09 06:45:04 UTC,Ullevaal_Stadion,4771
2025-09-09,2025-09-09 06:50:06 UTC,Ullevaal_Stadion,4884
2025-09-09,2025-09-09 06:55:05 UTC,Ullevaal_Stadion,4847
2025-09-09,2025-09-09 07:00:05 UTC,Ullevaal_Stadion,4902
2025-09-09,2025-09-09 07:05:06 UTC,Ullevaal_Stadion,4991
2025-09-09,2025-09-09 07:10:07 UTC,Ullevaal_Stadion,5153
2025-09-09,2025-09-09 07:15:04 UTC,Ullevaal_Stadion,5038
2025-09-09,2025-09-09 07:20:06 UTC,Ullevaal_Stadion,5116
2025-09-09,2025-09-09 07:25:09 UTC,Ullevaal_Stadion,5189
2025-09-09,2025-09-09 07:30:10 UTC,Ullevaal_Stadion,5238
2025-09-09,2025-09-09 07:35:07 UTC,Ullevaal_Stadion,5342
2025-09-09,2025-09-09 07:40:05 UTC,Ullevaal_Stadion,5322
2025-09-09,2025-09-09 07:45:08 UTC,Ullevaal_Stadion,5442
2025-09-09,2025-09-09 07:50:07 UTC,Ullevaal_Stadion,5484
2025-09-09,2025-09-09 07:55:07 UTC,Ullevaal_Stadion,5429
2025-09-09,2025-09-09 08:00:08 UTC,Ullevaal_Stadion,5342
2025-09-09,2025-09-09 08:05:11 UTC,Ullevaal_Stadion,5511
2025-09-09,2025-09-09 08:10:11 UTC,Ullevaal_Stadion,5447
2025-09-09,2025-09-09 08:15:04 UTC,Ullevaal_Stadion,5364
2025-09-09,2025-09-09 08:20:05 UTC,Ullevaal_Stadion,5380
2025-09-09,2025-09-09 08:25:05 UTC,Ullevaal_Stadion,5293
2025-09-09,2025-09-09 08:30:06 UTC,Ullevaal_Stadion,5333
2025-09-09,2025-09-09 08:35:05 UTC,Ullevaal_Stadion,5353
2025-09-09,2025-09-09 08:40:06 UTC,Ullevaal_Stadion,5476
2025-09-09,2025-09-09 08:45:05 UTC,Ullevaal_Stadion,5491
2025-09-09,2025-09-09 08:50:10 UTC,Ullevaal_Stadion,5360
2025-09-09,2025-09-09 08:55:06 UTC,Ullevaal_Stadion,5451
2025-09-09,2025-09-09 09:00:06 UTC,Ullevaal_Stadion,5431
2025-09-09,2025-09-09 09:05:06 UTC,Ullevaal_Stadion,5369
2025-09-09,2025-09-09 09:10:11 UTC,Ullevaal_Stadion,5480
2025-09-09,2025-09-09 09:15:06 UTC,Ullevaal_Stadion,5376
2025-09-09,2025-09-09 09:20:07 UTC,Ullevaal_Stadion,5551
2025-09-09,2025-09-09 09:25:07 UTC,Ullevaal_Stadion,5367
2025-09-09,2025-09-09 09:30:06 UTC,Ullevaal_Stadion,5380
2025-09-09,2025-09-09 09:35:05 UTC,Ullevaal_Stadion,5482
2025-09-09,2025-09-09 09:40:11 UTC,Ullevaal_Stadion,5469
2025-09-09,2025-09-09 09:45:06 UTC,Ullevaal_Stadion,5556
2025-09-09,2025-09-09 09:50:05 UTC,Ullevaal_Stadion,5344
2025-09-09,2025-09-09 09:55:07 UTC,Ullevaal_Stadion,5427
2025-09-09,2025-09-09 10:00:10 UTC,Ullevaal_Stadion,5329
2025-09-09,2025-09-09 10:05:07 UTC,Ullevaal_Stadion,5424
2025-09-09,2025-09-09 10:10:08 UTC,Ullevaal_Stadion,5436
2025-09-09,2025-09-09 10:15:05 UTC,Ullevaal_Stadion,5393
2025-09-09,2025-09-09 10:20:05 UTC,Ullevaal_Stadion,5389
2025-09-09,2025-09-09 10:25:05 UTC,Ullevaal_Stadion,5416
2025-09-09,2025-09-09 10:30:08 UTC,Ullevaal_Stadion,5416
2025-09-09,2025-09-09 10:35:10 UTC,Ullevaal_Stadion,5442
2025-09-09,2025-09-09 10:40:06 UTC,Ullevaal_Stadion,5464
2025-09-09,2025-09-09 10:45:05 UTC,Ullevaal_Stadion,5484
2025-09-09,2025-09-09 10:50:06 UTC,Ullevaal_Stadion,5678
2025-09-09,2025-09-09 10:55:07 UTC,Ullevaal_Stadion,5618
2025-09-09,2025-09-09 11:00:06 UTC,Ullevaal_Stadion,5509
2025-09-09,2025-09-09 11:05:10 UTC,Ullevaal_Stadion,5633
2025-09-09,2025-09-09 11:10:06 UTC,Ullevaal_Stadion,5540
2025-09-09,2025-09-09 11:15:04 UTC,Ullevaal_Stadion,5587
2025-09-09,2025-09-09 11:20:09 UTC,Ullevaal_Stadion,5644
2025-09-09,2025-09-09 11:25:04 UTC,Ullevaal_Stadion,5689
2025-09-09,2025-09-09 11:30:12 UTC,Ullevaal_Stadion,5791
2025-09-09,2025-09-09 11:35:11 UTC,Ullevaal_Stadion,5687
2025-09-09,2025-09-09 11:40:06 UTC,Ullevaal_Stadion,5669
2025-09-09,2025-09-09 11:45:06 UTC,Ullevaal_Stadion,5744
2025-09-09,2025-09-09 11:50:07 UTC,Ullevaal_Stadion,5833
2025-09-09,2025-09-09 11:55:06 UTC,Ullevaal_Stadion,5700
2025-09-09,2025-09-09 12:00:17 UTC,Ullevaal_Stadion,5782
2025-09-09,2025-09-09 12:05:07 UTC,Ullevaal_Stadion,5811
2025-09-09,2025-09-09 12:10:07 UTC,Ullevaal_Stadion,5731
2025-09-09,2025-09-09 12:15:05 UTC,Ullevaal_Stadion,5622
2025-09-09,2025-09-09 12:20:06 UTC,Ullevaal_Stadion,5720
2025-09-09,2025-09-09 12:25:05 UTC,Ullevaal_Stadion,5647
2025-09-09,2025-09-09 12:30:10 UTC,Ullevaal_Stadion,5624
2025-09-09,2025-09-09 12:35:12 UTC,Ullevaal_Stadion,5682
2025-09-09,2025-09-09 12:40:05 UTC,Ullevaal_Stadion,5631
2025-09-09,2025-09-09 12:45:05 UTC,Ullevaal_Stadion,5473
2025-09-09,2025-09-09 12:50:06 UTC,Ullevaal_Stadion,5531
2025-09-09,2025-09-09 12:55:06 UTC,Ullevaal_Stadion,5536
2025-09-09,2025-09-09 13:00:11 UTC,Ullevaal_Stadion,5453
2025-09-09,2025-09-09 13:05:12 UTC,Ullevaal_Stadion,5467
2025-09-09,2025-09-09 13:10:06 UTC,Ullevaal_Stadion,5376
2025-09-09,2025-09-09 13:15:06 UTC,Ullevaal_Stadion,5280
2025-09-09,2025-09-09 13:20:08 UTC,Ullevaal_Stadion,5409
2025-09-09,2025-09-09 13:25:06 UTC,Ullevaal_Stadion,5231
2025-09-09,2025-09-09 13:30:11 UTC,Ullevaal_Stadion,5169
2025-09-09,2025-09-09 13:35:06 UTC,Ullevaal_Stadion,5273
2025-09-09,2025-09-09 13:40:06 UTC,Ullevaal_Stadion,5191
2025-09-09,2025-09-09 13:45:06 UTC,Ullevaal_Stadion,5167
2025-09-09,2025-09-09 13:50:06 UTC,Ullevaal_Stadion,5200
2025-09-09,2025-09-09 13:55:06 UTC,Ullevaal_Stadion,5200
2025-09-09,2025-09-09 14:00:06 UTC,Ullevaal_Stadion,5089
2025-09-09,2025-09-09 14:05:08 UTC,Ullevaal_Stadion,5198
2025-09-09,2025-09-09 14:10:09 UTC,Ullevaal_Stadion,5164
2025-09-09,2025-09-09 14:15:07 UTC,Ullevaal_Stadion,5042
2025-09-09,2025-09-09 14:20:11 UTC,Ullevaal_Stadion,5202
2025-09-09,2025-09-09 14:25:09 UTC,Ullevaal_Stadion,5280
2025-09-09,2025-09-09 14:30:05 UTC,Ullevaal_Stadion,5313
2025-09-09,2025-09-09 14:35:07 UTC,Ullevaal_Stadion,5118
2025-09-09,2025-09-09 14:40:04 UTC,Ullevaal_Stadion,5191
2025-09-09,2025-09-09 14:45:10 UTC,Ullevaal_Stadion,5200
2025-09-09,2025-09-09 14:50:06 UTC,Ullevaal_Stadion,5251
2025-09-09,2025-09-09 14:55:05 UTC,Ullevaal_Stadion,5291
2025-09-09,2025-09-09 15:00:07 UTC,Ullevaal_Stadion,5302
2025-09-09,2025-09-09 15:05:07 UTC,Ullevaal_Stadion,5364
2025-09-09,2025-09-09 15:10:04 UTC,Ullevaal_Stadion,5436
2025-09-09,2025-09-09 15:15:06 UTC,Ullevaal_Stadion,5513
2025-09-09,2025-09-09 15:20:07 UTC,Ullevaal_Stadion,5669
2025-09-09,2025-09-09 15:25:05 UTC,Ullevaal_Stadion,5742
2025-09-09,2025-09-09 15:30:11 UTC,Ullevaal_Stadion,5636
2025-09-09,2025-09-09 15:35:08 UTC,Ullevaal_Stadion,5773
2025-09-09,2025-09-09 15:40:14 UTC,Ullevaal_Stadion,5902
2025-09-09,2025-09-09 15:45:06 UTC,Ullevaal_Stadion,5920
2025-09-09,2025-09-09 15:50:05 UTC,Ullevaal_Stadion,5916
2025-09-09,2025-09-09 15:55:07 UTC,Ullevaal_Stadion,6087
2025-09-09,2025-09-09 16:00:07 UTC,Ullevaal_Stadion,6240
2025-09-09,2025-09-09 16:05:07 UTC,Ullevaal_Stadion,6289
2025-09-09,2025-09-09 16:10:05 UTC,Ullevaal_Stadion,6496
2025-09-09,2025-09-09 16:15:06 UTC,Ullevaal_Stadion,6644
2025-09-09,2025-09-09 16:20:06 UTC,Ullevaal_Stadion,6807
2025-09-09,2025-09-09 16:25:07 UTC,Ullevaal_Stadion,6916
2025-09-09,2025-09-09 16:30:12 UTC,Ullevaal_Stadion,6938
2025-09-09,2025-09-09 16:35:06 UTC,Ullevaal_Stadion,7176
2025-09-09,2025-09-09 16:40:11 UTC,Ullevaal_Stadion,7598
2025-09-09,2025-09-09 16:45:08 UTC,Ullevaal_Stadion,7951
2025-09-09,2025-09-09 16:50:05 UTC,Ullevaal_Stadion,8042
2025-09-09,2025-09-09 16:55:06 UTC,Ullevaal_Stadion,8413
2025-09-09,2025-09-09 17:00:06 UTC,Ullevaal_Stadion,8922
2025-09-09,2025-09-09 17:05:11 UTC,Ullevaal_Stadion,9118
2025-09-09,2025-09-09 17:10:05 UTC,Ullevaal_Stadion,9498
2025-09-09,2025-09-09 17:15:06 UTC,Ullevaal_Stadion,10089
2025-09-09,2025-09-09 17:20:11 UTC,Ullevaal_Stadion,10573
2025-09-09,2025-09-09 17:25:05 UTC,Ullevaal_Stadion,10902
2025-09-09,2025-09-09 17:30:06 UTC,Ullevaal_Stadion,11722
2025-09-09,2025-09-09 17:35:12 UTC,Ullevaal_Stadion,12573
2025-09-09,2025-09-09 17:40:10 UTC,Ullevaal_Stadion,13089
2025-09-09,2025-09-09 17:45:06 UTC,Ullevaal_Stadion,14331
2025-09-09,2025-09-09 17:50:07 UTC,Ullevaal_Stadion,15500
2025-09-09,2025-09-09 17:55:10 UTC,Ullevaal_Stadion,17036
2025-09-09,2025-09-09 18:00:07 UTC,Ullevaal_Stadion,18211
2025-09-09,2025-09-09 18:05:11 UTC,Ullevaal_Stadion,19644
2025-09-09,2025-09-09 18:10:10 UTC,Ullevaal_Stadion,20760
2025-09-09,2025-09-09 18:15:06 UTC,Ullevaal_Stadion,21902
2025-09-09,2025-09-09 18:20:10 UTC,Ullevaal_Stadion,23529
2025-09-09,2025-09-09 18:25:09 UTC,Ullevaal_Stadion,24816
2025-09-09,2025-09-09 18:30:06 UTC,Ullevaal_Stadion,25573
2025-09-09,2025-09-09 18:35:07 UTC,Ullevaal_Stadion,26658
2025-09-09,2025-09-09 18:40:10 UTC,Ullevaal_Stadion,27656
2025-09-09,2025-09-09 18:45:07 UTC,Ullevaal_Stadion,28076
2025-09-09,2025-09-09 18:50:07 UTC,Ullevaal_Stadion,28627
2025-09-09,2025-09-09 18:55:06 UTC,Ullevaal_Stadion,28662
2025-09-09,2025-09-09 19:00:07 UTC,Ullevaal_Stadion,28533
2025-09-09,2025-09-09 19:05:07 UTC,Ullevaal_Stadion,28684
2025-09-09,2025-09-09 19:10:10 UTC,Ullevaal_Stadion,28891
2025-09-09,2025-09-09 19:15:04 UTC,Ullevaal_Stadion,28931
2025-09-09,2025-09-09 19:20:10 UTC,Ullevaal_Stadion,28798
2025-09-09,2025-09-09 19:25:06 UTC,Ullevaal_Stadion,28822
2025-09-09,2025-09-09 19:30:06 UTC,Ullevaal_Stadion,28853
2025-09-09,2025-09-09 19:35:06 UTC,Ullevaal_Stadion,29053
2025-09-09,2025-09-09 19:40:06 UTC,Ullevaal_Stadion,29251
2025-09-09,2025-09-09 19:45:06 UTC,Ullevaal_Stadion,29380
2025-09-09,2025-09-09 19:50:06 UTC,Ullevaal_Stadion,29578
2025-09-09,2025-09-09 19:55:06 UTC,Ullevaal_Stadion,29504
2025-09-09,2025-09-09 20:00:06 UTC,Ullevaal_Stadion,29811
2025-09-09,2025-09-09 20:05:07 UTC,Ullevaal_Stadion,29551
2025-09-09,2025-09-09 20:10:10 UTC,Ullevaal_Stadion,29464
2025-09-09,2025-09-09 20:15:06 UTC,Ullevaal_Stadion,29509
2025-09-09,2025-09-09 20:20:06 UTC,Ullevaal_Stadion,29464
2025-09-09,2025-09-09 20:25:07 UTC,Ullevaal_Stadion,29218
2025-09-09,2025-09-09 20:30:10 UTC,Ullevaal_Stadion,29089
2025-09-09,2025-09-09 20:35:07 UTC,Ullevaal_Stadion,28273
2025-09-09,2025-09-09 20:40:06 UTC,Ullevaal_Stadion,26807
2025-09-09,2025-09-09 20:45:10 UTC,Ullevaal_Stadion,23469
2025-09-09,2025-09-09 20:50:07 UTC,Ullevaal_Stadion,19251
2025-09-09,2025-09-09 20:55:07 UTC,Ullevaal_Stadion,16136
2025-09-09,2025-09-09 21:00:07 UTC,Ullevaal_Stadion,13482
2025-09-09,2025-09-09 21:05:08 UTC,Ullevaal_Stadion,11569
2025-09-09,2025-09-09 21:10:05 UTC,Ullevaal_Stadion,10660
2025-09-09,2025-09-09 21:15:05 UTC,Ullevaal_Stadion,9749
2025-09-09,2025-09-09 21:20:04 UTC,Ullevaal_Stadion,9076
2025-09-09,2025-09-09 21:25:06 UTC,Ullevaal_Stadion,8496
2025-09-09,2025-09-09 21:30:11 UTC,Ullevaal_Stadion,8076
2025-09-09,2025-09-09 21:35:07 UTC,Ullevaal_Stadion,7931
2025-09-09,2025-09-09 21:40:05 UTC,Ullevaal_Stadion,7709
2025-09-09,2025-09-09 21:45:11 UTC,Ullevaal_Stadion,7580
2025-09-09,2025-09-09 21:50:10 UTC,Ullevaal_Stadion,7469
2025-09-09,2025-09-09 21:55:05 UTC,Ullevaal_Stadion,7367
2025-09-09,2025-09-09 22:00:07 UTC,Ullevaal_Stadion,7236
2025-09-09,2025-09-09 22:05:05 UTC,Ullevaal_Stadion,7089
2025-09-09,2025-09-09 22:10:09 UTC,Ullevaal_Stadion,7036
2025-09-09,2025-09-09 22:15:10 UTC,Ullevaal_Stadion,6973
2025-09-09,2025-09-09 22:20:05 UTC,Ullevaal_Stadion,6960
2025-09-09,2025-09-09 22:25:06 UTC,Ullevaal_Stadion,6898
2025-09-09,2025-09-09 22:30:12 UTC,Ullevaal_Stadion,6860
2025-09-09,2025-09-09 22:35:07 UTC,Ullevaal_Stadion,6816
2025-09-09,2025-09-09 22:40:05 UTC,Ullevaal_Stadion,6731
2025-09-09,2025-09-09 22:45:05 UTC,Ullevaal_Stadion,6747
2025-09-09,2025-09-09 22:50:05 UTC,Ullevaal_Stadion,6729
2025-09-09,2025-09-09 22:55:05 UTC,Ullevaal_Stadion,6656
2025-09-09,2025-09-09 23:00:07 UTC,Ullevaal_Stadion,6582
2025-09-09,2025-09-09 23:05:06 UTC,Ullevaal_Stadion,6600
2025-09-09,2025-09-09 23:10:10 UTC,Ullevaal_Stadion,6596
2025-09-09,2025-09-09 23:15:07 UTC,Ullevaal_Stadion,6564
2025-09-09,2025-09-09 23:20:07 UTC,Ullevaal_Stadion,6567
2025-09-09,2025-09-09 23:25:06 UTC,Ullevaal_Stadion,6533
2025-09-09,2025-09-09 23:30:11 UTC,Ullevaal_Stadion,6527
2025-09-09,2025-09-09 23:35:06 UTC,Ullevaal_Stadion,6513
2025-09-09,2025-09-09 23:40:10 UTC,Ullevaal_Stadion,6518
2025-09-09,2025-09-09 23:45:06 UTC,Ullevaal_Stadion,6449
2025-09-09,2025-09-09 23:50:10 UTC,Ullevaal_Stadion,6398
2025-09-09,2025-09-09 23:55:10 UTC,Ullevaal_Stadion,6393
2025-10-11,2025-10-11 00:00:07 UTC,Ullevaal_Stadion,3278
2025-10-11,2025-10-11 00:05:07 UTC,Ullevaal_Stadion,2922
2025-10-11,2025-10-11 00:10:09 UTC,Ullevaal_Stadion,3238
2025-10-11,2025-10-11 00:15:04 UTC,Ullevaal_Stadion,2967
2025-10-11,2025-10-11 00:20:06 UTC,Ullevaal_Stadion,2964
2025-10-11,2025-10-11 00:25:08 UTC,Ullevaal_Stadion,2984
2025-10-11,2025-10-11 00:30:07 UTC,Ullevaal_Stadion,3260
2025-10-11,2025-10-11 00:35:06 UTC,Ullevaal_Stadion,2940
2025-10-11,2025-10-11 00:40:06 UTC,Ullevaal_Stadion,3238
2025-10-11,2025-10-11 00:45:06 UTC,Ullevaal_Stadion,2931
2025-10-11,2025-10-11 00:50:07 UTC,Ullevaal_Stadion,3224
2025-10-11,2025-10-11 00:55:10 UTC,Ullevaal_Stadion,2898
2025-10-11,2025-10-11 01:00:09 UTC,Ullevaal_Stadion,3198
2025-10-11,2025-10-11 01:05:06 UTC,Ullevaal_Stadion,2900
2025-10-11,2025-10-11 01:10:09 UTC,Ullevaal_Stadion,2898
2025-10-11,2025-10-11 01:15:06 UTC,Ullevaal_Stadion,2940
2025-10-11,2025-10-11 01:20:10 UTC,Ullevaal_Stadion,3218
2025-10-11,2025-10-11 01:25:06 UTC,Ullevaal_Stadion,2911
2025-10-11,2025-10-11 01:30:09 UTC,Ullevaal_Stadion,2873
2025-10-11,2025-10-11 01:35:07 UTC,Ullevaal_Stadion,2902
2025-10-11,2025-10-11 01:40:06 UTC,Ullevaal_Stadion,2938
2025-10-11,2025-10-11 01:45:06 UTC,Ullevaal_Stadion,2927
2025-10-11,2025-10-11 01:50:11 UTC,Ullevaal_Stadion,2920
2025-10-11,2025-10-11 01:55:11 UTC,Ullevaal_Stadion,2933
2025-10-11,2025-10-11 02:00:06 UTC,Ullevaal_Stadion,3207
2025-10-11,2025-10-11 02:05:06 UTC,Ullevaal_Stadion,2900
2025-10-11,2025-10-11 02:10:05 UTC,Ullevaal_Stadion,2913
2025-10-11,2025-10-11 02:15:06 UTC,Ullevaal_Stadion,3178
2025-10-11,2025-10-11 02:20:05 UTC,Ullevaal_Stadion,2904
2025-10-11,2025-10-11 02:25:06 UTC,Ullevaal_Stadion,3140
2025-10-11,2025-10-11 02:30:05 UTC,Ullevaal_Stadion,2873
2025-10-11,2025-10-11 02:35:06 UTC,Ullevaal_Stadion,2884
2025-10-11,2025-10-11 02:40:04 UTC,Ullevaal_Stadion,3107
2025-10-11,2025-10-11 02:45:04 UTC,Ullevaal_Stadion,2873
2025-10-11,2025-10-11 02:50:06 UTC,Ullevaal_Stadion,2931
2025-10-11,2025-10-11 02:55:10 UTC,Ullevaal_Stadion,2904
2025-10-11,2025-10-11 03:00:08 UTC,Ullevaal_Stadion,2907
2025-10-11,2025-10-11 03:05:11 UTC,Ullevaal_Stadion,3127
2025-10-11,2025-10-11 03:10:09 UTC,Ullevaal_Stadion,2907
2025-10-11,2025-10-11 03:15:04 UTC,Ullevaal_Stadion,3129
2025-10-11,2025-10-11 03:20:05 UTC,Ullevaal_Stadion,2918
2025-10-11,2025-10-11 03:25:06 UTC,Ullevaal_Stadion,3156
2025-10-11,2025-10-11 03:30:06 UTC,Ullevaal_Stadion,2909
2025-10-11,2025-10-11 03:35:07 UTC,Ullevaal_Stadion,2887
2025-10-11,2025-10-11 03:40:10 UTC,Ullevaal_Stadion,3107
2025-10-11,2025-10-11 03:45:05 UTC,Ullevaal_Stadion,2853
2025-10-11,2025-10-11 03:50:07 UTC,Ullevaal_Stadion,2862
2025-10-11,2025-10-11 03:55:05 UTC,Ullevaal_Stadion,2858
2025-10-11,2025-10-11 04:00:05 UTC,Ullevaal_Stadion,3140
2025-10-11,2025-10-11 04:05:06 UTC,Ullevaal_Stadion,2833
2025-10-11,2025-10-11 04:10:06 UTC,Ullevaal_Stadion,2811
2025-10-11,2025-10-11 04:15:09 UTC,Ullevaal_Stadion,3089
2025-10-11,2025-10-11 04:20:07 UTC,Ullevaal_Stadion,3087
2025-10-11,2025-10-11 04:25:06 UTC,Ullevaal_Stadion,2858
2025-10-11,2025-10-11 04:30:10 UTC,Ullevaal_Stadion,3087
2025-10-11,2025-10-11 04:35:05 UTC,Ullevaal_Stadion,2878
2025-10-11,2025-10-11 04:40:06 UTC,Ullevaal_Stadion,3116
2025-10-11,2025-10-11 04:45:06 UTC,Ullevaal_Stadion,3109
2025-10-11,2025-10-11 04:50:04 UTC,Ullevaal_Stadion,2856
2025-10-11,2025-10-11 04:55:06 UTC,Ullevaal_Stadion,3131
2025-10-11,2025-10-11 05:00:10 UTC,Ullevaal_Stadion,3113
2025-10-11,2025-10-11 05:05:07 UTC,Ullevaal_Stadion,2891
2025-10-11,2025-10-11 05:10:08 UTC,Ullevaal_Stadion,3116
2025-10-11,2025-10-11 05:15:08 UTC,Ullevaal_Stadion,3109
2025-10-11,2025-10-11 05:20:06 UTC,Ullevaal_Stadion,2878
2025-10-11,2025-10-11 05:25:06 UTC,Ullevaal_Stadion,3156
2025-10-11,2025-10-11 05:30:05 UTC,Ullevaal_Stadion,2847
2025-10-11,2025-10-11 05:35:10 UTC,Ullevaal_Stadion,3187
2025-10-11,2025-10-11 05:40:06 UTC,Ullevaal_Stadion,3207
2025-10-11,2025-10-11 05:45:05 UTC,Ullevaal_Stadion,2949
2025-10-11,2025-10-11 05:50:10 UTC,Ullevaal_Stadion,3236
2025-10-11,2025-10-11 05:55:09 UTC,Ullevaal_Stadion,2987
2025-10-11,2025-10-11 06:00:08 UTC,Ullevaal_Stadion,3253
2025-10-11,2025-10-11 06:05:07 UTC,Ullevaal_Stadion,3269
2025-10-11,2025-10-11 06:10:06 UTC,Ullevaal_Stadion,2947
2025-10-11,2025-10-11 06:15:06 UTC,Ullevaal_Stadion,3218
2025-10-11,2025-10-11 06:20:06 UTC,Ullevaal_Stadion,2896
2025-10-11,2025-10-11 06:25:06 UTC,Ullevaal_Stadion,3222
2025-10-11,2025-10-11 06:30:08 UTC,Ullevaal_Stadion,3280
2025-10-11,2025-10-11 06:35:06 UTC,Ullevaal_Stadion,3040
2025-10-11,2025-10-11 06:40:06 UTC,Ullevaal_Stadion,3340
2025-10-11,2025-10-11 06:45:06 UTC,Ullevaal_Stadion,3309
2025-10-11,2025-10-11 06:50:09 UTC,Ullevaal_Stadion,3322
2025-10-11,2025-10-11 06:55:08 UTC,Ullevaal_Stadion,3416
2025-10-11,2025-10-11 07:00:06 UTC,Ullevaal_Stadion,3391
2025-10-11,2025-10-11 07:05:09 UTC,Ullevaal_Stadion,3109
2025-10-11,2025-10-11 07:10:06 UTC,Ullevaal_Stadion,3427
2025-10-11,2025-10-11 07:15:07 UTC,Ullevaal_Stadion,3144
2025-10-11,2025-10-11 07:20:05 UTC,Ullevaal_Stadion,3418
2025-10-11,2025-10-11 07:25:06 UTC,Ullevaal_Stadion,3102
2025-10-11,2025-10-11 07:30:09 UTC,Ullevaal_Stadion,3480
2025-10-11,2025-10-11 07:35:06 UTC,Ullevaal_Stadion,3233
2025-10-11,2025-10-11 07:40:05 UTC,Ullevaal_Stadion,3504
2025-10-11,2025-10-11 07:45:04 UTC,Ullevaal_Stadion,3480
2025-10-11,2025-10-11 07:50:10 UTC,Ullevaal_Stadion,3256
2025-10-11,2025-10-11 07:55:09 UTC,Ullevaal_Stadion,3580
2025-10-11,2025-10-11 08:00:07 UTC,Ullevaal_Stadion,3202
2025-10-11,2025-10-11 08:05:05 UTC,Ullevaal_Stadion,3462
2025-10-11,2025-10-11 08:10:05 UTC,Ullevaal_Stadion,3273
2025-10-11,2025-10-11 08:15:06 UTC,Ullevaal_Stadion,3513
2025-10-11,2025-10-11 08:20:05 UTC,Ullevaal_Stadion,3524
2025-10-11,2025-10-11 08:25:09 UTC,Ullevaal_Stadion,3278
2025-10-11,2025-10-11 08:30:06 UTC,Ullevaal_Stadion,3498
2025-10-11,2025-10-11 08:35:05 UTC,Ullevaal_Stadion,3233
2025-10-11,2025-10-11 08:40:05 UTC,Ullevaal_Stadion,3547
2025-10-11,2025-10-11 08:45:05 UTC,Ullevaal_Stadion,3273
2025-10-11,2025-10-11 08:50:06 UTC,Ullevaal_Stadion,3533
2025-10-11,2025-10-11 08:55:10 UTC,Ullevaal_Stadion,3180
2025-10-11,2025-10-11 09:00:08 UTC,Ullevaal_Stadion,3493
2025-10-11,2025-10-11 09:05:06 UTC,Ullevaal_Stadion,3527
2025-10-11,2025-10-11 09:10:06 UTC,Ullevaal_Stadion,3453
2025-10-11,2025-10-11 09:15:10 UTC,Ullevaal_Stadion,3224
2025-10-11,2025-10-11 09:20:10 UTC,Ullevaal_Stadion,3527
2025-10-11,2025-10-11 09:25:06 UTC,Ullevaal_Stadion,3522
2025-10-11,2025-10-11 09:30:07 UTC,Ullevaal_Stadion,3513
2025-10-11,2025-10-11 09:35:07 UTC,Ullevaal_Stadion,3147
2025-10-11,2025-10-11 09:40:09 UTC,Ullevaal_Stadion,3507
2025-10-11,2025-10-11 09:45:05 UTC,Ullevaal_Stadion,3182
2025-10-11,2025-10-11 09:50:06 UTC,Ullevaal_Stadion,3529
2025-10-11,2025-10-11 09:55:09 UTC,Ullevaal_Stadion,3480
2025-10-11,2025-10-11 10:00:10 UTC,Ullevaal_Stadion,3427
2025-10-11,2025-10-11 10:05:06 UTC,Ullevaal_Stadion,3480
2025-10-11,2025-10-11 10:10:07 UTC,Ullevaal_Stadion,3498
2025-10-11,2025-10-11 10:15:06 UTC,Ullevaal_Stadion,3551
2025-10-11,2025-10-11 10:20:03 UTC,Ullevaal_Stadion,3369
2025-10-11,2025-10-11 10:25:07 UTC,Ullevaal_Stadion,3496
2025-10-11,2025-10-11 10:30:06 UTC,Ullevaal_Stadion,3627
2025-10-11,2025-10-11 10:35:09 UTC,Ullevaal_Stadion,3331
2025-10-11,2025-10-11 10:40:06 UTC,Ullevaal_Stadion,3729
2025-10-11,2025-10-11 10:45:04 UTC,Ullevaal_Stadion,3662
2025-10-11,2025-10-11 10:50:06 UTC,Ullevaal_Stadion,3704
2025-10-11,2025-10-11 10:55:04 UTC,Ullevaal_Stadion,3358
2025-10-11,2025-10-11 11:00:07 UTC,Ullevaal_Stadion,3904
2025-10-11,2025-10-11 11:05:09 UTC,Ullevaal_Stadion,3613
2025-10-11,2025-10-11 11:10:06 UTC,Ullevaal_Stadion,3862
2025-10-11,2025-10-11 11:15:06 UTC,Ullevaal_Stadion,3602
2025-10-11,2025-10-11 11:20:07 UTC,Ullevaal_Stadion,3900
2025-10-11,2025-10-11 11:25:08 UTC,Ullevaal_Stadion,3873
2025-10-11,2025-10-11 11:30:06 UTC,Ullevaal_Stadion,3969
2025-10-11,2025-10-11 11:35:07 UTC,Ullevaal_Stadion,3658
2025-10-11,2025-10-11 11:40:06 UTC,Ullevaal_Stadion,3909
2025-10-11,2025-10-11 11:45:05 UTC,Ullevaal_Stadion,3976
2025-10-11,2025-10-11 11:50:07 UTC,Ullevaal_Stadion,3731
2025-10-11,2025-10-11 11:55:06 UTC,Ullevaal_Stadion,3964
2025-10-11,2025-10-11 12:00:07 UTC,Ullevaal_Stadion,4169
2025-10-11,2025-10-11 12:05:07 UTC,Ullevaal_Stadion,3782
2025-10-11,2025-10-11 12:10:07 UTC,Ullevaal_Stadion,4151
2025-10-11,2025-10-11 12:15:05 UTC,Ullevaal_Stadion,4069
2025-10-11,2025-10-11 12:20:06 UTC,Ullevaal_Stadion,4380
2025-10-11,2025-10-11 12:25:06 UTC,Ullevaal_Stadion,4100
2025-10-11,2025-10-11 12:30:05 UTC,Ullevaal_Stadion,4564
2025-10-11,2025-10-11 12:35:07 UTC,Ullevaal_Stadion,4153
2025-10-11,2025-10-11 12:40:05 UTC,Ullevaal_Stadion,4624
2025-10-11,2025-10-11 12:45:06 UTC,Ullevaal_Stadion,4804
2025-10-11,2025-10-11 12:50:06 UTC,Ullevaal_Stadion,4804
2025-10-11,2025-10-11 12:55:07 UTC,Ullevaal_Stadion,4933
2025-10-11,2025-10-11 13:00:08 UTC,Ullevaal_Stadion,4636
2025-10-11,2025-10-11 13:05:05 UTC,Ullevaal_Stadion,5102
2025-10-11,2025-10-11 13:10:06 UTC,Ullevaal_Stadion,5056
2025-10-11,2025-10-11 13:15:05 UTC,Ullevaal_Stadion,5124
2025-10-11,2025-10-11 13:20:07 UTC,Ullevaal_Stadion,5284
2025-10-11,2025-10-11 13:25:09 UTC,Ullevaal_Stadion,5211
2025-10-11,2025-10-11 13:30:08 UTC,Ullevaal_Stadion,5602
2025-10-11,2025-10-11 13:35:09 UTC,Ullevaal_Stadion,5493
2025-10-11,2025-10-11 13:40:05 UTC,Ullevaal_Stadion,5893
2025-10-11,2025-10-11 13:45:03 UTC,Ullevaal_Stadion,5862
2025-10-11,2025-10-11 13:50:06 UTC,Ullevaal_Stadion,6311
2025-10-11,2025-10-11 13:55:06 UTC,Ullevaal_Stadion,6438
2025-10-11,2025-10-11 14:00:06 UTC,Ullevaal_Stadion,6716
2025-10-11,2025-10-11 14:05:09 UTC,Ullevaal_Stadion,7084
2025-10-11,2025-10-11 14:10:06 UTC,Ullevaal_Stadion,7364
2025-10-11,2025-10-11 14:15:08 UTC,Ullevaal_Stadion,7769
2025-10-11,2025-10-11 14:20:06 UTC,Ullevaal_Stadion,8493
2025-10-11,2025-10-11 14:25:07 UTC,Ullevaal_Stadion,8582
2025-10-11,2025-10-11 14:30:07 UTC,Ullevaal_Stadion,9742
2025-10-11,2025-10-11 14:35:06 UTC,Ullevaal_Stadion,9871
2025-10-11,2025-10-11 14:40:05 UTC,Ullevaal_Stadion,11122
2025-10-11,2025-10-11 14:45:10 UTC,Ullevaal_Stadion,11022
2025-10-11,2025-10-11 14:50:06 UTC,Ullevaal_Stadion,12427
2025-10-11,2025-10-11 14:55:07 UTC,Ullevaal_Stadion,12891
2025-10-11,2025-10-11 15:00:06 UTC,Ullevaal_Stadion,14469
2025-10-11,2025-10-11 15:05:07 UTC,Ullevaal_Stadion,15051
2025-10-11,2025-10-11 15:10:06 UTC,Ullevaal_Stadion,15880
2025-10-11,2025-10-11 15:15:06 UTC,Ullevaal_Stadion,16802
2025-10-11,2025-10-11 15:20:06 UTC,Ullevaal_Stadion,17553
2025-10-11,2025-10-11 15:25:06 UTC,Ullevaal_Stadion,18060
2025-10-11,2025-10-11 15:30:06 UTC,Ullevaal_Stadion,19427
2025-10-11,2025-10-11 15:35:07 UTC,Ullevaal_Stadion,19480
2025-10-11,2025-10-11 15:40:04 UTC,Ullevaal_Stadion,20567
2025-10-11,2025-10-11 15:45:09 UTC,Ullevaal_Stadion,20569
2025-10-11,2025-10-11 15:50:05 UTC,Ullevaal_Stadion,21107
2025-10-11,2025-10-11 15:55:05 UTC,Ullevaal_Stadion,21636
2025-10-11,2025-10-11 16:00:10 UTC,Ullevaal_Stadion,21809
2025-10-11,2025-10-11 16:05:09 UTC,Ullevaal_Stadion,22029
2025-10-11,2025-10-11 16:10:08 UTC,Ullevaal_Stadion,22116
2025-10-11,2025-10-11 16:15:09 UTC,Ullevaal_Stadion,22336
2025-10-11,2025-10-11 16:20:07 UTC,Ullevaal_Stadion,22220
2025-10-11,2025-10-11 16:25:10 UTC,Ullevaal_Stadion,22358
2025-10-11,2025-10-11 16:30:12 UTC,Ullevaal_Stadion,22371
2025-10-11,2025-10-11 16:35:06 UTC,Ullevaal_Stadion,22176
2025-10-11,2025-10-11 16:40:06 UTC,Ullevaal_Stadion,22338
2025-10-11,2025-10-11 16:45:11 UTC,Ullevaal_Stadion,22376
2025-10-11,2025-10-11 16:50:07 UTC,Ullevaal_Stadion,22144
2025-10-11,2025-10-11 16:55:06 UTC,Ullevaal_Stadion,22778
2025-10-11,2025-10-11 17:00:07 UTC,Ullevaal_Stadion,22693
2025-10-11,2025-10-11 17:05:04 UTC,Ullevaal_Stadion,22733
2025-10-11,2025-10-11 17:10:05 UTC,Ullevaal_Stadion,22922
2025-10-11,2025-10-11 17:15:09 UTC,Ullevaal_Stadion,22916
2025-10-11,2025-10-11 17:20:05 UTC,Ullevaal_Stadion,22591
2025-10-11,2025-10-11 17:25:06 UTC,Ullevaal_Stadion,22876
2025-10-11,2025-10-11 17:30:10 UTC,Ullevaal_Stadion,22473
2025-10-11,2025-10-11 17:35:06 UTC,Ullevaal_Stadion,22822
2025-10-11,2025-10-11 17:40:07 UTC,Ullevaal_Stadion,22320
2025-10-11,2025-10-11 17:45:10 UTC,Ullevaal_Stadion,22449
2025-10-11,2025-10-11 17:50:08 UTC,Ullevaal_Stadion,21758
2025-10-11,2025-10-11 17:55:05 UTC,Ullevaal_Stadion,19933
2025-10-11,2025-10-11 18:00:06 UTC,Ullevaal_Stadion,17540
2025-10-11,2025-10-11 18:05:09 UTC,Ullevaal_Stadion,14031
2025-10-11,2025-10-11 18:10:06 UTC,Ullevaal_Stadion,11267
2025-10-11,2025-10-11 18:15:06 UTC,Ullevaal_Stadion,8782
2025-10-11,2025-10-11 18:20:08 UTC,Ullevaal_Stadion,7756
2025-10-11,2025-10-11 18:25:06 UTC,Ullevaal_Stadion,7009
2025-10-11,2025-10-11 18:30:07 UTC,Ullevaal_Stadion,6267
2025-10-11,2025-10-11 18:35:10 UTC,Ullevaal_Stadion,6400
2025-10-11,2025-10-11 18:40:09 UTC,Ullevaal_Stadion,6087
2025-10-11,2025-10-11 18:45:10 UTC,Ullevaal_Stadion,5527
2025-10-11,2025-10-11 18:50:09 UTC,Ullevaal_Stadion,5896
2025-10-11,2025-10-11 18:55:05 UTC,Ullevaal_Stadion,5704
2025-10-11,2025-10-11 19:00:08 UTC,Ullevaal_Stadion,5127
2025-10-11,2025-10-11 19:05:10 UTC,Ullevaal_Stadion,5447
2025-10-11,2025-10-11 19:10:08 UTC,Ullevaal_Stadion,5316
2025-10-11,2025-10-11 19:15:10 UTC,Ullevaal_Stadion,4884
2025-10-11,2025-10-11 19:20:10 UTC,Ullevaal_Stadion,5171
2025-10-11,2025-10-11 19:25:07 UTC,Ullevaal_Stadion,4600
2025-10-11,2025-10-11 19:30:08 UTC,Ullevaal_Stadion,4967
2025-10-11,2025-10-11 19:35:05 UTC,Ullevaal_Stadion,4460
2025-10-11,2025-10-11 19:40:10 UTC,Ullevaal_Stadion,4818
2025-10-11,2025-10-11 19:45:05 UTC,Ullevaal_Stadion,4293
2025-10-11,2025-10-11 19:50:06 UTC,Ullevaal_Stadion,4638
2025-10-11,2025-10-11 19:55:06 UTC,Ullevaal_Stadion,4604
2025-10-11,2025-10-11 20:00:06 UTC,Ullevaal_Stadion,4633
2025-10-11,2025-10-11 20:05:10 UTC,Ullevaal_Stadion,4487
2025-10-11,2025-10-11 20:10:07 UTC,Ullevaal_Stadion,4082
2025-10-11,2025-10-11 20:15:04 UTC,Ullevaal_Stadion,4476
2025-10-11,2025-10-11 20:20:07 UTC,Ullevaal_Stadion,4491
2025-10-11,2025-10-11 20:25:07 UTC,Ullevaal_Stadion,4033
2025-10-11,2025-10-11 20:30:09 UTC,Ullevaal_Stadion,4409
2025-10-11,2025-10-11 20:35:05 UTC,Ullevaal_Stadion,4380
2025-10-11,2025-10-11 20:40:06 UTC,Ullevaal_Stadion,3949
2025-10-11,2025-10-11 20:45:04 UTC,Ullevaal_Stadion,4373
2025-10-11,2025-10-11 20:50:05 UTC,Ullevaal_Stadion,4358
2025-10-11,2025-10-11 20:55:11 UTC,Ullevaal_Stadion,4298
2025-10-11,2025-10-11 21:00:11 UTC,Ullevaal_Stadion,4198
2025-10-11,2025-10-11 21:05:05 UTC,Ullevaal_Stadion,4233
2025-10-11,2025-10-11 21:10:05 UTC,Ullevaal_Stadion,4224
2025-10-11,2025-10-11 21:15:07 UTC,Ullevaal_Stadion,3818
2025-10-11,2025-10-11 21:20:10 UTC,Ullevaal_Stadion,4182
2025-10-11,2025-10-11 21:25:08 UTC,Ullevaal_Stadion,4211
2025-10-11,2025-10-11 21:30:06 UTC,Ullevaal_Stadion,4178
2025-10-11,2025-10-11 21:35:06 UTC,Ullevaal_Stadion,4156
2025-10-11,2025-10-11 21:40:11 UTC,Ullevaal_Stadion,3811
2025-10-11,2025-10-11 21:45:11 UTC,Ullevaal_Stadion,4153
2025-10-11,2025-10-11 21:50:10 UTC,Ullevaal_Stadion,4093
2025-10-11,2025-10-11 21:55:06 UTC,Ullevaal_Stadion,4044
2025-10-11,2025-10-11 22:00:06 UTC,Ullevaal_Stadion,4084
2025-10-11,2025-10-11 22:05:10 UTC,Ullevaal_Stadion,3747
2025-10-11,2025-10-11 22:10:07 UTC,Ullevaal_Stadion,4044
2025-10-11,2025-10-11 22:15:06 UTC,Ullevaal_Stadion,3720
2025-10-11,2025-10-11 22:20:12 UTC,Ullevaal_Stadion,3733
2025-10-11,2025-10-11 22:25:10 UTC,Ullevaal_Stadion,3682
2025-10-11,2025-10-11 22:30:06 UTC,Ullevaal_Stadion,3653
2025-10-11,2025-10-11 22:35:11 UTC,Ullevaal_Stadion,3982
2025-10-11,2025-10-11 22:40:11 UTC,Ullevaal_Stadion,3656
2025-10-11,2025-10-11 22:45:09 UTC,Ullevaal_Stadion,3649
2025-10-11,2025-10-11 22:50:07 UTC,Ullevaal_Stadion,3584
2025-10-11,2025-10-11 22:55:06 UTC,Ullevaal_Stadion,3896
2025-10-11,2025-10-11 23:00:06 UTC,Ullevaal_Stadion,3611
2025-10-11,2025-10-11 23:05:08 UTC,Ullevaal_Stadion,3616
2025-10-11,2025-10-11 23:10:09 UTC,Ullevaal_Stadion,3902
2025-10-11,2025-10-11 23:15:10 UTC,Ullevaal_Stadion,3607
2025-10-11,2025-10-11 23:20:05 UTC,Ullevaal_Stadion,3896
2025-10-11,2025-10-11 23:25:11 UTC,Ullevaal_Stadion,3567
2025-10-11,2025-10-11 23:30:10 UTC,Ullevaal_Stadion,3887
2025-10-11,2025-10-11 23:35:06 UTC,Ullevaal_Stadion,3569
2025-10-11,2025-10-11 23:40:07 UTC,Ullevaal_Stadion,3589
2025-10-11,2025-10-11 23:45:06 UTC,Ullevaal_Stadion,3871
2025-10-11,2025-10-11 23:50:06 UTC,Ullevaal_Stadion,3564
2025-10-11,2025-10-11 23:55:07 UTC,Ullevaal_Stadion,3842
2025-10-12,2025-10-12 00:00:05 UTC,Ullevaal_Stadion,3540
2025-10-12,2025-10-12 00:05:05 UTC,Ullevaal_Stadion,3567
2025-10-12,2025-10-12 00:10:06 UTC,Ullevaal_Stadion,3580
2025-10-12,2025-10-12 00:15:05 UTC,Ullevaal_Stadion,3564
2025-10-12,2025-10-12 00:20:06 UTC,Ullevaal_Stadion,3538
2025-10-12,2025-10-12 00:25:06 UTC,Ullevaal_Stadion,3858
2025-10-12,2025-10-12 00:30:06 UTC,Ullevaal_Stadion,3542
2025-10-12,2025-10-12 00:35:09 UTC,Ullevaal_Stadion,3851
2025-10-12,2025-10-12 00:40:06 UTC,Ullevaal_Stadion,3513
2025-10-12,2025-10-12 00:45:10 UTC,Ullevaal_Stadion,3869
2025-10-12,2025-10-12 00:50:09 UTC,Ullevaal_Stadion,3322
2025-10-12,2025-10-12 00:55:06 UTC,Ullevaal_Stadion,3476
2025-10-12,2025-10-12 01:00:06 UTC,Ullevaal_Stadion,3124
2025-10-12,2025-10-12 01:05:06 UTC,Ullevaal_Stadion,3382
2025-10-12,2025-10-12 01:10:09 UTC,Ullevaal_Stadion,3058
2025-10-12,2025-10-12 01:15:06 UTC,Ullevaal_Stadion,3391
2025-10-12,2025-10-12 01:20:06 UTC,Ullevaal_Stadion,3078
2025-10-12,2025-10-12 01:25:06 UTC,Ullevaal_Stadion,3078
2025-10-12,2025-10-12 01:30:07 UTC,Ullevaal_Stadion,3098
2025-10-12,2025-10-12 01:35:09 UTC,Ullevaal_Stadion,3364
2025-10-12,2025-10-12 01:40:07 UTC,Ullevaal_Stadion,3078
2025-10-12,2025-10-12 01:45:06 UTC,Ullevaal_Stadion,3420
2025-10-12,2025-10-12 01:50:05 UTC,Ullevaal_Stadion,3029
2025-10-12,2025-10-12 01:55:05 UTC,Ullevaal_Stadion,3187
2025-10-12,2025-10-12 02:00:05 UTC,Ullevaal_Stadion,2896
2025-10-12,2025-10-12 02:05:06 UTC,Ullevaal_Stadion,3149
2025-10-12,2025-10-12 02:10:06 UTC,Ullevaal_Stadion,2882
2025-10-12,2025-10-12 02:15:10 UTC,Ullevaal_Stadion,2933
2025-10-12,2025-10-12 02:20:05 UTC,Ullevaal_Stadion,3169
2025-10-12,2025-10-12 02:25:07 UTC,Ullevaal_Stadion,2904
2025-10-12,2025-10-12 02:30:06 UTC,Ullevaal_Stadion,2882
2025-10-12,2025-10-12 02:35:10 UTC,Ullevaal_Stadion,2896
2025-10-12,2025-10-12 02:40:06 UTC,Ullevaal_Stadion,3156
2025-10-12,2025-10-12 02:45:05 UTC,Ullevaal_Stadion,2891
2025-10-12,2025-10-12 02:50:06 UTC,Ullevaal_Stadion,3167
2025-10-12,2025-10-12 02:55:06 UTC,Ullevaal_Stadion,2847
2025-10-12,2025-10-12 03:00:06 UTC,Ullevaal_Stadion,3140
2025-10-12,2025-10-12 03:05:04 UTC,Ullevaal_Stadion,2853
2025-10-12,2025-10-12 03:10:09 UTC,Ullevaal_Stadion,3142
2025-10-12,2025-10-12 03:15:04 UTC,Ullevaal_Stadion,2858
2025-10-12,2025-10-12 03:20:06 UTC,Ullevaal_Stadion,2838
2025-10-12,2025-10-12 03:25:06 UTC,Ullevaal_Stadion,2831
2025-10-12,2025-10-12 03:30:06 UTC,Ullevaal_Stadion,2844
2025-10-12,2025-10-12 03:35:05 UTC,Ullevaal_Stadion,3036
2025-10-12,2025-10-12 03:40:07 UTC,Ullevaal_Stadion,2802
2025-10-12,2025-10-12 03:45:06 UTC,Ullevaal_Stadion,2800
2025-10-12,2025-10-12 03:50:10 UTC,Ullevaal_Stadion,3069
2025-10-12,2025-10-12 03:55:08 UTC,Ullevaal_Stadion,2769
2025-10-12,2025-10-12 04:00:06 UTC,Ullevaal_Stadion,3058
2025-10-12,2025-10-12 04:05:04 UTC,Ullevaal_Stadion,2773
2025-10-12,2025-10-12 04:10:05 UTC,Ullevaal_Stadion,2778
2025-10-12,2025-10-12 04:15:07 UTC,Ullevaal_Stadion,3080
2025-10-12,2025-10-12 04:20:06 UTC,Ullevaal_Stadion,2782
2025-10-12,2025-10-12 04:25:05 UTC,Ullevaal_Stadion,3038
2025-10-12,2025-10-12 04:30:05 UTC,Ullevaal_Stadion,2776
2025-10-12,2025-10-12 04:35:04 UTC,Ullevaal_Stadion,2773
2025-10-12,2025-10-12 04:40:05 UTC,Ullevaal_Stadion,2771
2025-10-12,2025-10-12 04:45:08 UTC,Ullevaal_Stadion,2758
2025-10-12,2025-10-12 04:50:09 UTC,Ullevaal_Stadion,2753
2025-10-12,2025-10-12 04:55:06 UTC,Ullevaal_Stadion,2764
2025-10-12,2025-10-12 05:00:11 UTC,Ullevaal_Stadion,3020
2025-10-12,2025-10-12 05:05:06 UTC,Ullevaal_Stadion,2780
2025-10-12,2025-10-12 05:10:07 UTC,Ullevaal_Stadion,3096
2025-10-12,2025-10-12 05:15:10 UTC,Ullevaal_Stadion,2771
2025-10-12,2025-10-12 05:20:04 UTC,Ullevaal_Stadion,3102
2025-10-12,2025-10-12 05:25:06 UTC,Ullevaal_Stadion,2776
2025-10-12,2025-10-12 05:30:05 UTC,Ullevaal_Stadion,3069
2025-10-12,2025-10-12 05:35:09 UTC,Ullevaal_Stadion,2816
2025-10-12,2025-10-12 05:40:06 UTC,Ullevaal_Stadion,2802
2025-10-12,2025-10-12 05:45:09 UTC,Ullevaal_Stadion,3076
2025-10-12,2025-10-12 05:50:09 UTC,Ullevaal_Stadion,2793
2025-10-12,2025-10-12 05:55:06 UTC,Ullevaal_Stadion,3100
2025-10-12,2025-10-12 06:00:06 UTC,Ullevaal_Stadion,2842
2025-10-12,2025-10-12 06:05:06 UTC,Ullevaal_Stadion,3058
2025-10-12,2025-10-12 06:10:05 UTC,Ullevaal_Stadion,2796
2025-10-12,2025-10-12 06:15:06 UTC,Ullevaal_Stadion,2796
2025-10-12,2025-10-12 06:20:06 UTC,Ullevaal_Stadion,2807
2025-10-12,2025-10-12 06:25:08 UTC,Ullevaal_Stadion,2804
2025-10-12,2025-10-12 06:30:06 UTC,Ullevaal_Stadion,3018
2025-10-12,2025-10-12 06:35:06 UTC,Ullevaal_Stadion,2822
2025-10-12,2025-10-12 06:40:06 UTC,Ullevaal_Stadion,2884
2025-10-12,2025-10-12 06:45:06 UTC,Ullevaal_Stadion,2858
2025-10-12,2025-10-12 06:50:04 UTC,Ullevaal_Stadion,3107
2025-10-12,2025-10-12 06:55:06 UTC,Ullevaal_Stadion,2856
2025-10-12,2025-10-12 07:00:05 UTC,Ullevaal_Stadion,2909
2025-10-12,2025-10-12 07:05:05 UTC,Ullevaal_Stadion,3207
2025-10-12,2025-10-12 07:10:06 UTC,Ullevaal_Stadion,3202
2025-10-12,2025-10-12 07:15:04 UTC,Ullevaal_Stadion,3213
2025-10-12,2025-10-12 07:20:07 UTC,Ullevaal_Stadion,2962
2025-10-12,2025-10-12 07:25:05 UTC,Ullevaal_Stadion,3233
2025-10-12,2025-10-12 07:30:06 UTC,Ullevaal_Stadion,3200
2025-10-12,2025-10-12 07:35:05 UTC,Ullevaal_Stadion,3180
2025-10-12,2025-10-12 07:40:10 UTC,Ullevaal_Stadion,3184
2025-10-12,2025-10-12 07:45:05 UTC,Ullevaal_Stadion,3240
2025-10-12,2025-10-12 07:50:06 UTC,Ullevaal_Stadion,3260
2025-10-12,2025-10-12 07:55:06 UTC,Ullevaal_Stadion,3284
2025-10-12,2025-10-12 08:00:09 UTC,Ullevaal_Stadion,3342
2025-10-12,2025-10-12 08:05:04 UTC,Ullevaal_Stadion,3393
2025-10-12,2025-10-12 08:10:07 UTC,Ullevaal_Stadion,3053
2025-10-12,2025-10-12 08:15:09 UTC,Ullevaal_Stadion,3007
2025-10-12,2025-10-12 08:20:06 UTC,Ullevaal_Stadion,3029
2025-10-12,2025-10-12 08:25:09 UTC,Ullevaal_Stadion,3024
2025-10-12,2025-10-12 08:30:06 UTC,Ullevaal_Stadion,3078
2025-10-12,2025-10-12 08:35:06 UTC,Ullevaal_Stadion,2949
2025-10-12,2025-10-12 08:40:10 UTC,Ullevaal_Stadion,2976
2025-10-12,2025-10-12 08:45:04 UTC,Ullevaal_Stadion,2989
2025-10-12,2025-10-12 08:50:05 UTC,Ullevaal_Stadion,2936
2025-10-12,2025-10-12 08:55:06 UTC,Ullevaal_Stadion,2956
2025-10-12,2025-10-12 09:00:10 UTC,Ullevaal_Stadion,3004
2025-10-12,2025-10-12 09:05:06 UTC,Ullevaal_Stadion,2953
2025-10-12,2025-10-12 09:10:06 UTC,Ullevaal_Stadion,2931
2025-10-12,2025-10-12 09:15:06 UTC,Ullevaal_Stadion,2940
2025-10-12,2025-10-12 09:20:09 UTC,Ullevaal_Stadion,2929
2025-10-12,2025-10-12 09:25:06 UTC,Ullevaal_Stadion,2949
2025-10-12,2025-10-12 09:30:08 UTC,Ullevaal_Stadion,2884
2025-10-12,2025-10-12 09:35:05 UTC,Ullevaal_Stadion,2880
2025-10-12,2025-10-12 09:40:09 UTC,Ullevaal_Stadion,2882
2025-10-12,2025-10-12 09:45:10 UTC,Ullevaal_Stadion,2913
2025-10-12,2025-10-12 09:50:09 UTC,Ullevaal_Stadion,2933
2025-10-12,2025-10-12 09:55:05 UTC,Ullevaal_Stadion,2973
2025-10-12,2025-10-12 10:00:07 UTC,Ullevaal_Stadion,2944
2025-10-12,2025-10-12 10:05:06 UTC,Ullevaal_Stadion,2967
2025-10-12,2025-10-12 10:10:06 UTC,Ullevaal_Stadion,2907
2025-10-12,2025-10-12 10:15:06 UTC,Ullevaal_Stadion,2984
2025-10-12,2025-10-12 10:20:06 UTC,Ullevaal_Stadion,2931
2025-10-12,2025-10-12 10:25:09 UTC,Ullevaal_Stadion,2904
2025-10-12,2025-10-12 10:30:06 UTC,Ullevaal_Stadion,2949
2025-10-12,2025-10-12 10:35:10 UTC,Ullevaal_Stadion,2929
2025-10-12,2025-10-12 10:40:06 UTC,Ullevaal_Stadion,2927
2025-10-12,2025-10-12 10:45:05 UTC,Ullevaal_Stadion,2960
2025-10-12,2025-10-12 10:50:04 UTC,Ullevaal_Stadion,2956
2025-10-12,2025-10-12 10:55:05 UTC,Ullevaal_Stadion,3009
2025-10-12,2025-10-12 11:00:06 UTC,Ullevaal_Stadion,2982
2025-10-12,2025-10-12 11:05:05 UTC,Ullevaal_Stadion,3071
2025-10-12,2025-10-12 11:10:07 UTC,Ullevaal_Stadion,3071
2025-10-12,2025-10-12 11:15:06 UTC,Ullevaal_Stadion,3007
2025-10-12,2025-10-12 11:20:09 UTC,Ullevaal_Stadion,2951
2025-10-12,2025-10-12 11:25:06 UTC,Ullevaal_Stadion,2927
2025-10-12,2025-10-12 11:30:07 UTC,Ullevaal_Stadion,2991
2025-10-12,2025-10-12 11:35:04 UTC,Ullevaal_Stadion,2978
2025-10-12,2025-10-12 11:40:06 UTC,Ullevaal_Stadion,2964
2025-10-12,2025-10-12 11:45:05 UTC,Ullevaal_Stadion,2878
2025-10-12,2025-10-12 11:50:10 UTC,Ullevaal_Stadion,2893
2025-10-12,2025-10-12 11:55:07 UTC,Ullevaal_Stadion,2991
2025-10-12,2025-10-12 12:00:08 UTC,Ullevaal_Stadion,2949
2025-10-12,2025-10-12 12:05:04 UTC,Ullevaal_Stadion,2900
2025-10-12,2025-10-12 12:10:09 UTC,Ullevaal_Stadion,2880
2025-10-12,2025-10-12 12:15:09 UTC,Ullevaal_Stadion,2936
2025-10-12,2025-10-12 12:20:07 UTC,Ullevaal_Stadion,2938
2025-10-12,2025-10-12 12:25:05 UTC,Ullevaal_Stadion,2938
2025-10-12,2025-10-12 12:30:06 UTC,Ullevaal_Stadion,2933
2025-10-12,2025-10-12 12:35:09 UTC,Ullevaal_Stadion,2976
2025-10-12,2025-10-12 12:40:07 UTC,Ullevaal_Stadion,2869
2025-10-12,2025-10-12 12:45:07 UTC,Ullevaal_Stadion,2973
2025-10-12,2025-10-12 12:50:06 UTC,Ullevaal_Stadion,2902
2025-10-12,2025-10-12 12:55:06 UTC,Ullevaal_Stadion,2931
2025-10-12,2025-10-12 13:00:08 UTC,Ullevaal_Stadion,2924
2025-10-12,2025-10-12 13:05:05 UTC,Ullevaal_Stadion,3016
2025-10-12,2025-10-12 13:10:07 UTC,Ullevaal_Stadion,2927
2025-10-12,2025-10-12 13:15:09 UTC,Ullevaal_Stadion,3058
2025-10-12,2025-10-12 13:20:09 UTC,Ullevaal_Stadion,2998
2025-10-12,2025-10-12 13:25:05 UTC,Ullevaal_Stadion,2976
2025-10-12,2025-10-12 13:30:07 UTC,Ullevaal_Stadion,3060
2025-10-12,2025-10-12 13:35:06 UTC,Ullevaal_Stadion,3093
2025-10-12,2025-10-12 13:40:05 UTC,Ullevaal_Stadion,3029
2025-10-12,2025-10-12 13:45:06 UTC,Ullevaal_Stadion,3024
2025-10-12,2025-10-12 13:50:06 UTC,Ullevaal_Stadion,3102
2025-10-12,2025-10-12 13:55:10 UTC,Ullevaal_Stadion,3089
2025-10-12,2025-10-12 14:00:05 UTC,Ullevaal_Stadion,3127
2025-10-12,2025-10-12 14:05:10 UTC,Ullevaal_Stadion,3133
2025-10-12,2025-10-12 14:10:06 UTC,Ullevaal_Stadion,3062
2025-10-12,2025-10-12 14:15:10 UTC,Ullevaal_Stadion,3149
2025-10-12,2025-10-12 14:20:06 UTC,Ullevaal_Stadion,3096
2025-10-12,2025-10-12 14:25:07 UTC,Ullevaal_Stadion,2993
2025-10-12,2025-10-12 14:30:07 UTC,Ullevaal_Stadion,3056
2025-10-12,2025-10-12 14:35:05 UTC,Ullevaal_Stadion,3138
2025-10-12,2025-10-12 14:40:05 UTC,Ullevaal_Stadion,3113
2025-10-12,2025-10-12 14:45:05 UTC,Ullevaal_Stadion,3102
2025-10-12,2025-10-12 14:50:04 UTC,Ullevaal_Stadion,3069
2025-10-12,2025-10-12 14:55:07 UTC,Ullevaal_Stadion,3056
2025-10-12,2025-10-12 15:00:07 UTC,Ullevaal_Stadion,3018
2025-10-12,2025-10-12 15:05:07 UTC,Ullevaal_Stadion,3153
2025-10-12,2025-10-12 15:10:06 UTC,Ullevaal_Stadion,3080
2025-10-12,2025-10-12 15:15:10 UTC,Ullevaal_Stadion,3096
2025-10-12,2025-10-12 15:20:07 UTC,Ullevaal_Stadion,3098
2025-10-12,2025-10-12 15:25:07 UTC,Ullevaal_Stadion,3087
2025-10-12,2025-10-12 15:30:10 UTC,Ullevaal_Stadion,3062
2025-10-12,2025-10-12 15:35:06 UTC,Ullevaal_Stadion,3138
2025-10-12,2025-10-12 15:40:05 UTC,Ullevaal_Stadion,3071
2025-10-12,2025-10-12 15:45:10 UTC,Ullevaal_Stadion,3076
2025-10-12,2025-10-12 15:50:06 UTC,Ullevaal_Stadion,3056
2025-10-12,2025-10-12 15:55:04 UTC,Ullevaal_Stadion,3082
2025-10-12,2025-10-12 16:00:06 UTC,Ullevaal_Stadion,3056
2025-10-12,2025-10-12 16:05:05 UTC,Ullevaal_Stadion,3007
2025-10-12,2025-10-12 16:10:07 UTC,Ullevaal_Stadion,2993
2025-10-12,2025-10-12 16:15:07 UTC,Ullevaal_Stadion,3007
2025-10-12,2025-10-12 16:20:09 UTC,Ullevaal_Stadion,3053
2025-10-12,2025-10-12 16:25:07 UTC,Ullevaal_Stadion,3009
2025-10-12,2025-10-12 16:30:11 UTC,Ullevaal_Stadion,3029
2025-10-12,2025-10-12 16:35:09 UTC,Ullevaal_Stadion,3011
2025-10-12,2025-10-12 16:40:07 UTC,Ullevaal_Stadion,3047
2025-10-12,2025-10-12 16:45:04 UTC,Ullevaal_Stadion,3089
2025-10-12,2025-10-12 16:50:06 UTC,Ullevaal_Stadion,3127
2025-10-12,2025-10-12 16:55:11 UTC,Ullevaal_Stadion,3122
2025-10-12,2025-10-12 17:00:08 UTC,Ullevaal_Stadion,3080
2025-10-12,2025-10-12 17:05:05 UTC,Ullevaal_Stadion,3158
2025-10-12,2025-10-12 17:10:05 UTC,Ullevaal_Stadion,3133
2025-10-12,2025-10-12 17:15:05 UTC,Ullevaal_Stadion,3111
2025-10-12,2025-10-12 17:20:06 UTC,Ullevaal_Stadion,3091
2025-10-12,2025-10-12 17:25:07 UTC,Ullevaal_Stadion,3096
2025-10-12,2025-10-12 17:30:09 UTC,Ullevaal_Stadion,3038
2025-10-12,2025-10-12 17:35:06 UTC,Ullevaal_Stadion,3084
2025-10-12,2025-10-12 17:40:06 UTC,Ullevaal_Stadion,3062
2025-10-12,2025-10-12 17:45:10 UTC,Ullevaal_Stadion,3071
2025-10-12,2025-10-12 17:50:06 UTC,Ullevaal_Stadion,3120
2025-10-12,2025-10-12 17:55:06 UTC,Ullevaal_Stadion,3056
2025-10-12,2025-10-12 18:00:06 UTC,Ullevaal_Stadion,3111
2025-10-12,2025-10-12 18:05:11 UTC,Ullevaal_Stadion,3069
2025-10-12,2025-10-12 18:10:06 UTC,Ullevaal_Stadion,3082
2025-10-12,2025-10-12 18:15:06 UTC,Ullevaal_Stadion,3158
2025-10-12,2025-10-12 18:20:05 UTC,Ullevaal_Stadion,3136
2025-10-12,2025-10-12 18:25:06 UTC,Ullevaal_Stadion,3227
2025-10-12,2025-10-12 18:30:09 UTC,Ullevaal_Stadion,3173
2025-10-12,2025-10-12 18:35:05 UTC,Ullevaal_Stadion,3102
2025-10-12,2025-10-12 18:40:06 UTC,Ullevaal_Stadion,3184
2025-10-12,2025-10-12 18:45:08 UTC,Ullevaal_Stadion,3142
2025-10-12,2025-10-12 18:50:06 UTC,Ullevaal_Stadion,3167
2025-10-12,2025-10-12 18:55:06 UTC,Ullevaal_Stadion,3153
2025-10-12,2025-10-12 19:00:09 UTC,Ullevaal_Stadion,3133
2025-10-12,2025-10-12 19:05:05 UTC,Ullevaal_Stadion,3142
2025-10-12,2025-10-12 19:10:06 UTC,Ullevaal_Stadion,3142
2025-10-12,2025-10-12 19:15:09 UTC,Ullevaal_Stadion,3124
2025-10-12,2025-10-12 19:20:07 UTC,Ullevaal_Stadion,3116
2025-10-12,2025-10-12 19:25:06 UTC,Ullevaal_Stadion,3171
2025-10-12,2025-10-12 19:30:09 UTC,Ullevaal_Stadion,3149
2025-10-12,2025-10-12 19:35:06 UTC,Ullevaal_Stadion,3167
2025-10-12,2025-10-12 19:40:07 UTC,Ullevaal_Stadion,3158
2025-10-12,2025-10-12 19:45:09 UTC,Ullevaal_Stadion,3144
2025-10-12,2025-10-12 19:50:06 UTC,Ullevaal_Stadion,3118
2025-10-12,2025-10-12 19:55:06 UTC,Ullevaal_Stadion,3209
2025-10-12,2025-10-12 20:00:06 UTC,Ullevaal_Stadion,3247
2025-10-12,2025-10-12 20:05:06 UTC,Ullevaal_Stadion,3160
2025-10-12,2025-10-12 20:10:07 UTC,Ullevaal_Stadion,3138
2025-10-12,2025-10-12 20:15:06 UTC,Ullevaal_Stadion,3118
2025-10-12,2025-10-12 20:20:04 UTC,Ullevaal_Stadion,3122
2025-10-12,2025-10-12 20:25:10 UTC,Ullevaal_Stadion,3184
2025-10-12,2025-10-12 20:30:06 UTC,Ullevaal_Stadion,3118
2025-10-12,2025-10-12 20:35:07 UTC,Ullevaal_Stadion,3140
2025-10-12,2025-10-12 20:40:08 UTC,Ullevaal_Stadion,3156
2025-10-12,2025-10-12 20:45:06 UTC,Ullevaal_Stadion,3124
2025-10-12,2025-10-12 20:50:10 UTC,Ullevaal_Stadion,3116
2025-10-12,2025-10-12 20:55:08 UTC,Ullevaal_Stadion,3102
2025-10-12,2025-10-12 21:00:06 UTC,Ullevaal_Stadion,3113
2025-10-12,2025-10-12 21:05:09 UTC,Ullevaal_Stadion,3104
2025-10-12,2025-10-12 21:10:07 UTC,Ullevaal_Stadion,3180
2025-10-12,2025-10-12 21:15:06 UTC,Ullevaal_Stadion,3162
2025-10-12,2025-10-12 21:20:08 UTC,Ullevaal_Stadion,3176
2025-10-12,2025-10-12 21:25:07 UTC,Ullevaal_Stadion,3182
2025-10-12,2025-10-12 21:30:06 UTC,Ullevaal_Stadion,3200
2025-10-12,2025-10-12 21:35:06 UTC,Ullevaal_Stadion,3200
2025-10-12,2025-10-12 21:40:10 UTC,Ullevaal_Stadion,3207
2025-10-12,2025-10-12 21:45:06 UTC,Ullevaal_Stadion,3173
2025-10-12,2025-10-12 21:50:04 UTC,Ullevaal_Stadion,3124
2025-10-12,2025-10-12 21:55:05 UTC,Ullevaal_Stadion,3182
2025-10-12,2025-10-12 22:00:08 UTC,Ullevaal_Stadion,3164
2025-10-12,2025-10-12 22:05:09 UTC,Ullevaal_Stadion,3107
2025-10-12,2025-10-12 22:10:06 UTC,Ullevaal_Stadion,3122
2025-10-12,2025-10-12 22:15:06 UTC,Ullevaal_Stadion,3140
2025-10-12,2025-10-12 22:20:06 UTC,Ullevaal_Stadion,3133
2025-10-12,2025-10-12 22:25:05 UTC,Ullevaal_Stadion,3136
2025-10-12,2025-10-12 22:30:08 UTC,Ullevaal_Stadion,3096
2025-10-12,2025-10-12 22:35:04 UTC,Ullevaal_Stadion,3078
2025-10-12,2025-10-12 22:40:06 UTC,Ullevaal_Stadion,3082
2025-10-12,2025-10-12 22:45:06 UTC,Ullevaal_Stadion,3082
2025-10-12,2025-10-12 22:50:06 UTC,Ullevaal_Stadion,3080
2025-10-12,2025-10-12 22:55:06 UTC,Ullevaal_Stadion,3073
2025-10-12,2025-10-12 23:00:09 UTC,Ullevaal_Stadion,3078
2025-10-12,2025-10-12 23:05:05 UTC,Ullevaal_Stadion,3076
2025-10-12,2025-10-12 23:10:09 UTC,Ullevaal_Stadion,3091
2025-10-12,2025-10-12 23:15:04 UTC,Ullevaal_Stadion,3113
2025-10-12,2025-10-12 23:20:06 UTC,Ullevaal_Stadion,3078
2025-10-12,2025-10-12 23:25:07 UTC,Ullevaal_Stadion,3069
2025-10-12,2025-10-12 23:30:10 UTC,Ullevaal_Stadion,3060
2025-10-12,2025-10-12 23:35:06 UTC,Ullevaal_Stadion,3031
2025-10-12,2025-10-12 23:40:06 UTC,Ullevaal_Stadion,3060
2025-10-12,2025-10-12 23:45:05 UTC,Ullevaal_Stadion,3031
2025-10-12,2025-10-12 23:50:06 UTC,Ullevaal_Stadion,3076
2025-10-12,2025-10-12 23:55:05 UTC,Ullevaal_Stadion,3087
